age,gender,goal,bmi,workout_type,day1_exercise_difficulty,day1_exercise1_name,day1_exercise1_sets,day1_exercise1_reps,day1_exercise1_duration,day1_exercise2_name,day1_exercise2_sets,day1_exercise2_reps,day1_exercise2_duration,day1_exercise3_name,day1_exercise3_sets,day1_exercise3_reps,day1_exercise3_duration
39,Male,Muscle Gain,Obese,pull,1,seated row,5,7,0,lat pulldown,4,12,0,face pulls,4,11,0
59,Female,Maintain Fitness,Overweight,push,1,bench press (machine),3,12,0,pushups,3,8,0,shoulder press (machine),4,11,0
59,Male,Maintain Fitness,Overweight,cardio,1,light cycling,0,0,25,none,0,0,0,none,0,0,0
51,Male,Muscle Gain,Underweight,pull,1,lat pulldown,5,10,0,seated row,4,6,0,face pulls,4,7,0
22,Female,Weight Loss,Obese,cardio,1,elliptical,0,0,22,none,0,0,0,none,0,0,0
63,Male,Muscle Gain,Overweight,pull,1,lat pulldown,4,6,0,seated row,4,8,0,face pulls,4,12,0
39,Male,Muscle Gain,Obese,pull,1,face pulls,4,7,0,seated row,4,11,0,lat pulldown,5,12,0
47,Female,Weight Loss,Overweight,cardio,1,elliptical,0,0,18,none,0,0,0,none,0,0,0
61,Male,Weight Loss,Normal,legs,1,step-ups,3,13,0,leg press,3,15,0,bodyweight squats,4,15,0
20,Female,Maintain Fitness,Overweight,push,1,shoulder press (machine),4,11,0,pushups,4,12,0,bench press (machine),4,10,0
25,Male,Weight Loss,Underweight,push,1,pushups,3,14,0,bench press (machine),3,14,0,shoulder press (machine),3,15,0
37,Female,Muscle Gain,Underweight,cardio,5,stair climbing,0,0,18,none,0,0,0,none,0,0,0
60,Female,Weight Loss,Overweight,legs,1,leg press,3,12,0,step-ups,4,15,0,bodyweight squats,4,15,0
33,Male,Maintain Fitness,Normal,cardio,5,sprints,0,0,33,none,0,0,0,none,0,0,0
35,Female,Weight Loss,Underweight,cardio,1,elliptical,0,0,19,none,0,0,0,none,0,0,0
51,Male,Weight Loss,Obese,legs,1,bodyweight squats,4,14,0,leg press,4,15,0,step-ups,3,15,0
57,Female,Muscle Gain,Normal,pull,1,seated row,4,7,0,face pulls,5,7,0,lat pulldown,5,9,0
55,Male,Maintain Fitness,Overweight,legs,1,bodyweight squats,4,8,0,step-ups,4,11,0,leg press,3,11,0
55,Female,Muscle Gain,Normal,cardio,1,walking,0,0,23,none,0,0,0,none,0,0,0
54,Male,Muscle Gain,Normal,pull,1,face pulls,4,10,0,lat pulldown,4,6,0,seated row,5,9,0
20,Female,Weight Loss,Underweight,legs,3,leg curls,3,12,0,lunges,4,15,0,barbell squats,4,13,0
24,Female,Muscle Gain,Overweight,cardio,1,elliptical,0,0,45,none,0,0,0,none,0,0,0
59,Female,Maintain Fitness,Overweight,push,1,bench press (machine),4,9,0,pushups,4,12,0,shoulder press (machine),4,8,0
19,Female,Maintain Fitness,Underweight,legs,1,step-ups,3,10,0,bodyweight squats,4,9,0,leg press,4,8,0
55,Male,Weight Loss,Obese,push,1,shoulder press (machine),3,12,0,bench press (machine),3,12,0,pushups,3,12,0
54,Male,Muscle Gain,Obese,cardio,1,elliptical,0,0,39,none,0,0,0,none,0,0,0
38,Male,Muscle Gain,Underweight,legs,5,front squats,4,12,0,deadlifts,5,10,0,bulgarian split squats,5,7,0
69,Male,Muscle Gain,Underweight,push,1,pushups,5,11,0,bench press (machine),5,9,0,shoulder press (machine),5,12,0
62,Female,Muscle Gain,Obese,push,1,pushups,5,7,0,shoulder press (machine),4,10,0,bench press (machine),4,6,0
69,Male,Maintain Fitness,Underweight,pull,1,lat pulldown,3,8,0,seated row,3,8,0,face pulls,4,10,0
40,Male,Weight Loss,Obese,legs,1,bodyweight squats,3,15,0,step-ups,3,14,0,leg press,4,15,0
50,Male,Weight Loss,Overweight,cardio,1,walking,0,0,15,none,0,0,0,none,0,0,0
34,Male,Weight Loss,Overweight,cardio,1,light cycling,0,0,29,none,0,0,0,none,0,0,0
42,Male,Muscle Gain,Obese,push,1,pushups,5,9,0,bench press (machine),4,8,0,shoulder press (machine),5,7,0
69,Female,Maintain Fitness,Normal,cardio,1,walking,0,0,43,none,0,0,0,none,0,0,0
63,Female,Muscle Gain,Overweight,pull,1,seated row,5,7,0,face pulls,5,11,0,lat pulldown,5,6,0
26,Female,Muscle Gain,Overweight,push,1,shoulder press (machine),5,10,0,pushups,5,10,0,bench press (machine),4,7,0
24,Male,Muscle Gain,Overweight,legs,1,bodyweight squats,5,10,0,leg press,4,9,0,step-ups,5,10,0
27,Male,Weight Loss,Underweight,cardio,5,sprints,0,0,17,none,0,0,0,none,0,0,0
67,Male,Maintain Fitness,Obese,legs,1,step-ups,3,10,0,leg press,4,11,0,bodyweight squats,3,9,0
66,Female,Weight Loss,Underweight,push,1,shoulder press (machine),3,15,0,bench press (machine),3,13,0,pushups,3,13,0
19,Female,Weight Loss,Overweight,push,1,shoulder press (machine),3,14,0,pushups,4,15,0,bench press (machine),4,15,0
58,Female,Weight Loss,Normal,legs,1,step-ups,3,14,0,bodyweight squats,4,12,0,leg press,3,13,0
68,Male,Weight Loss,Overweight,cardio,1,elliptical,0,0,20,none,0,0,0,none,0,0,0
43,Male,Weight Loss,Overweight,legs,1,bodyweight squats,4,13,0,leg press,4,13,0,step-ups,4,12,0
57,Male,Maintain Fitness,Obese,legs,1,bodyweight squats,4,9,0,step-ups,4,12,0,leg press,3,11,0
53,Male,Muscle Gain,Underweight,pull,1,seated row,4,12,0,lat pulldown,4,7,0,face pulls,5,6,0
18,Male,Muscle Gain,Overweight,push,1,pushups,5,12,0,bench press (machine),4,10,0,shoulder press (machine),5,9,0
26,Male,Weight Loss,Overweight,pull,1,seated row,4,14,0,lat pulldown,3,13,0,face pulls,4,12,0
56,Female,Maintain Fitness,Underweight,push,1,shoulder press (machine),4,11,0,bench press (machine),3,12,0,pushups,3,8,0
39,Male,Weight Loss,Overweight,cardio,1,light cycling,0,0,32,none,0,0,0,none,0,0,0
24,Female,Weight Loss,Normal,legs,5,front squats,3,12,0,bulgarian split squats,3,13,0,deadlifts,3,15,0
40,Male,Weight Loss,Obese,legs,1,leg press,3,15,0,step-ups,3,15,0,bodyweight squats,4,12,0
33,Male,Muscle Gain,Overweight,cardio,1,elliptical,0,0,44,none,0,0,0,none,0,0,0
44,Male,Maintain Fitness,Obese,cardio,1,light cycling,0,0,30,none,0,0,0,none,0,0,0
18,Female,Muscle Gain,Obese,legs,1,leg press,5,7,0,step-ups,5,12,0,bodyweight squats,5,6,0
22,Male,Weight Loss,Obese,push,1,bench press (machine),3,12,0,pushups,4,15,0,shoulder press (machine),3,14,0
38,Male,Muscle Gain,Overweight,cardio,1,elliptical,0,0,18,none,0,0,0,none,0,0,0
18,Female,Maintain Fitness,Normal,cardio,3,jogging,0,0,15,none,0,0,0,none,0,0,0
48,Male,Maintain Fitness,Overweight,legs,1,bodyweight squats,4,10,0,leg press,4,9,0,step-ups,4,10,0
40,Female,Muscle Gain,Normal,cardio,3,jogging,0,0,24,none,0,0,0,none,0,0,0
65,Female,Muscle Gain,Underweight,pull,1,face pulls,4,7,0,seated row,4,12,0,lat pulldown,5,7,0
56,Male,Maintain Fitness,Underweight,cardio,1,walking,0,0,31,none,0,0,0,none,0,0,0
56,Male,Weight Loss,Underweight,push,1,shoulder press (machine),4,13,0,bench press (machine),3,15,0,pushups,4,15,0
27,Female,Weight Loss,Underweight,push,3,dumbbell press,3,13,0,dips,3,14,0,bench press (barbell),4,15,0
42,Male,Muscle Gain,Obese,pull,1,lat pulldown,4,12,0,face pulls,4,10,0,seated row,5,9,0
38,Male,Maintain Fitness,Underweight,pull,5,weighted pullups,4,12,0,muscle-ups,4,10,0,deadlifts,4,10,0
50,Female,Weight Loss,Underweight,push,3,dumbbell press,3,15,0,dips,4,12,0,bench press (barbell),4,14,0
32,Male,Muscle Gain,Normal,push,3,bench press (barbell),5,11,0,dumbbell press,4,7,0,dips,4,8,0
32,Male,Muscle Gain,Overweight,legs,1,bodyweight squats,4,6,0,leg press,4,6,0,step-ups,4,8,0
67,Female,Weight Loss,Normal,cardio,1,light cycling,0,0,41,none,0,0,0,none,0,0,0
68,Male,Weight Loss,Overweight,pull,1,lat pulldown,3,12,0,seated row,3,14,0,face pulls,4,14,0
27,Female,Maintain Fitness,Obese,pull,1,lat pulldown,4,9,0,seated row,4,12,0,face pulls,3,8,0
55,Female,Weight Loss,Obese,push,1,shoulder press (machine),3,14,0,bench press (machine),4,14,0,pushups,3,15,0
43,Female,Muscle Gain,Obese,legs,1,leg press,5,9,0,bodyweight squats,5,6,0,step-ups,5,8,0
69,Female,Maintain Fitness,Normal,push,1,bench press (machine),3,10,0,shoulder press (machine),3,12,0,pushups,3,8,0
29,Female,Maintain Fitness,Normal,pull,3,barbell rows,4,10,0,pullups (assisted),3,10,0,chin-ups,4,10,0
59,Female,Maintain Fitness,Normal,push,1,pushups,3,12,0,bench press (machine),4,12,0,shoulder press (machine),3,9,0
32,Male,Weight Loss,Obese,legs,1,step-ups,4,13,0,bodyweight squats,4,12,0,leg press,4,15,0
41,Female,Muscle Gain,Obese,cardio,1,light cycling,0,0,36,none,0,0,0,none,0,0,0
49,Male,Muscle Gain,Normal,cardio,5,stair climbing,0,0,16,none,0,0,0,none,0,0,0
52,Female,Maintain Fitness,Normal,pull,1,seated row,4,9,0,face pulls,4,9,0,lat pulldown,4,11,0
45,Male,Muscle Gain,Underweight,pull,3,chin-ups,5,9,0,barbell rows,4,10,0,pullups (assisted),4,12,0
29,Male,Maintain Fitness,Obese,cardio,1,elliptical,0,0,27,none,0,0,0,none,0,0,0
50,Male,Muscle Gain,Obese,cardio,1,light cycling,0,0,28,none,0,0,0,none,0,0,0
42,Female,Muscle Gain,Normal,push,3,dips,4,8,0,dumbbell press,5,9,0,bench press (barbell),4,10,0
35,Female,Weight Loss,Underweight,cardio,5,stair climbing,0,0,18,none,0,0,0,none,0,0,0
36,Female,Maintain Fitness,Normal,legs,3,lunges,3,10,0,leg curls,4,12,0,barbell squats,3,8,0
54,Female,Weight Loss,Overweight,cardio,1,walking,0,0,18,none,0,0,0,none,0,0,0
22,Male,Weight Loss,Obese,pull,1,seated row,3,13,0,lat pulldown,3,12,0,face pulls,4,15,0
47,Male,Weight Loss,Obese,legs,1,leg press,4,15,0,bodyweight squats,3,15,0,step-ups,3,13,0
46,Female,Muscle Gain,Underweight,push,1,pushups,4,11,0,bench press (machine),4,8,0,shoulder press (machine),5,10,0
34,Male,Maintain Fitness,Normal,push,5,overhead press,3,11,0,weighted dips,3,9,0,incline bench press,3,11,0
70,Female,Muscle Gain,Normal,cardio,1,light cycling,0,0,33,none,0,0,0,none,0,0,0
64,Female,Weight Loss,Obese,legs,1,leg press,4,12,0,step-ups,3,14,0,bodyweight squats,4,15,0
59,Male,Maintain Fitness,Overweight,legs,1,step-ups,3,8,0,leg press,4,12,0,bodyweight squats,3,12,0
44,Male,Maintain Fitness,Normal,pull,3,barbell rows,4,10,0,chin-ups,3,9,0,pullups (assisted),3,12,0
38,Female,Maintain Fitness,Obese,legs,1,step-ups,4,9,0,bodyweight squats,4,11,0,leg press,4,9,0
35,Male,Weight Loss,Underweight,pull,5,deadlifts,4,14,0,muscle-ups,4,13,0,weighted pullups,4,13,0
54,Male,Muscle Gain,Obese,cardio,1,elliptical,0,0,23,none,0,0,0,none,0,0,0
50,Female,Muscle Gain,Overweight,legs,1,leg press,5,7,0,step-ups,5,8,0,bodyweight squats,5,6,0
68,Male,Maintain Fitness,Underweight,push,1,bench press (machine),3,9,0,shoulder press (machine),4,12,0,pushups,4,9,0
24,Male,Muscle Gain,Normal,cardio,5,HIIT,0,0,37,none,0,0,0,none,0,0,0
43,Male,Weight Loss,Underweight,legs,3,leg curls,3,12,0,lunges,3,14,0,barbell squats,3,13,0
34,Female,Maintain Fitness,Normal,legs,5,front squats,4,10,0,deadlifts,4,11,0,bulgarian split squats,3,9,0
69,Male,Maintain Fitness,Overweight,pull,1,face pulls,4,12,0,seated row,4,9,0,lat pulldown,4,10,0
32,Male,Maintain Fitness,Normal,pull,1,face pulls,3,10,0,lat pulldown,3,11,0,seated row,3,8,0
45,Female,Muscle Gain,Overweight,pull,1,seated row,4,10,0,face pulls,5,8,0,lat pulldown,5,8,0
54,Male,Muscle Gain,Normal,push,1,shoulder press (machine),4,7,0,pushups,4,8,0,bench press (machine),4,12,0
26,Female,Maintain Fitness,Overweight,legs,1,bodyweight squats,3,12,0,step-ups,3,8,0,leg press,3,12,0
70,Male,Muscle Gain,Normal,legs,1,step-ups,4,11,0,bodyweight squats,5,8,0,leg press,4,11,0
57,Male,Weight Loss,Normal,pull,1,seated row,4,14,0,face pulls,3,13,0,lat pulldown,3,12,0
26,Male,Weight Loss,Overweight,pull,1,lat pulldown,4,14,0,face pulls,4,15,0,seated row,3,13,0
61,Female,Muscle Gain,Obese,pull,1,face pulls,4,6,0,seated row,4,6,0,lat pulldown,5,9,0
38,Female,Maintain Fitness,Overweight,cardio,1,elliptical,0,0,28,none,0,0,0,none,0,0,0
67,Female,Weight Loss,Normal,push,1,bench press (machine),4,13,0,pushups,3,15,0,shoulder press (machine),4,12,0
23,Male,Weight Loss,Overweight,legs,1,bodyweight squats,4,13,0,step-ups,4,12,0,leg press,4,15,0
63,Female,Maintain Fitness,Obese,pull,1,face pulls,3,11,0,seated row,4,12,0,lat pulldown,4,8,0
61,Male,Maintain Fitness,Overweight,push,1,bench press (machine),4,10,0,shoulder press (machine),3,12,0,pushups,3,9,0
42,Female,Maintain Fitness,Normal,push,3,bench press (barbell),3,11,0,dumbbell press,3,8,0,dips,4,8,0
33,Female,Muscle Gain,Obese,pull,1,face pulls,5,9,0,seated row,4,12,0,lat pulldown,4,11,0
21,Female,Maintain Fitness,Overweight,cardio,1,walking,0,0,39,none,0,0,0,none,0,0,0
56,Male,Muscle Gain,Overweight,pull,1,seated row,4,9,0,face pulls,4,10,0,lat pulldown,4,7,0
36,Male,Weight Loss,Underweight,cardio,3,cycling,0,0,35,none,0,0,0,none,0,0,0
19,Female,Maintain Fitness,Normal,legs,1,bodyweight squats,4,8,0,step-ups,3,11,0,leg press,4,12,0
45,Female,Maintain Fitness,Underweight,cardio,5,sprints,0,0,37,none,0,0,0,none,0,0,0
70,Male,Muscle Gain,Normal,cardio,1,walking,0,0,42,none,0,0,0,none,0,0,0
33,Female,Maintain Fitness,Overweight,legs,1,leg press,4,11,0,step-ups,4,10,0,bodyweight squats,3,8,0
38,Female,Maintain Fitness,Normal,pull,5,deadlifts,3,10,0,muscle-ups,3,9,0,weighted pullups,3,10,0
19,Male,Maintain Fitness,Normal,push,3,dips,3,10,0,dumbbell press,4,11,0,bench press (barbell),4,9,0
30,Female,Weight Loss,Obese,legs,1,leg press,3,15,0,bodyweight squats,4,12,0,step-ups,3,13,0
46,Male,Maintain Fitness,Underweight,legs,3,barbell squats,4,9,0,leg curls,3,8,0,lunges,4,12,0
59,Male,Muscle Gain,Overweight,push,1,pushups,5,10,0,shoulder press (machine),4,6,0,bench press (machine),4,12,0
42,Female,Maintain Fitness,Obese,cardio,1,light cycling,0,0,44,none,0,0,0,none,0,0,0
53,Female,Muscle Gain,Underweight,push,1,shoulder press (machine),5,6,0,bench press (machine),5,10,0,pushups,5,6,0
25,Male,Muscle Gain,Obese,pull,1,face pulls,4,11,0,seated row,4,6,0,lat pulldown,4,11,0
62,Male,Weight Loss,Underweight,pull,1,seated row,4,12,0,lat pulldown,3,14,0,face pulls,3,14,0
39,Female,Maintain Fitness,Underweight,cardio,3,swimming,0,0,40,none,0,0,0,none,0,0,0
47,Female,Maintain Fitness,Overweight,legs,1,leg press,3,12,0,step-ups,4,10,0,bodyweight squats,4,8,0
67,Female,Maintain Fitness,Normal,push,1,pushups,4,12,0,bench press (machine),3,12,0,shoulder press (machine),4,12,0
40,Male,Weight Loss,Underweight,legs,5,front squats,3,15,0,bulgarian split squats,3,15,0,deadlifts,3,15,0
57,Female,Maintain Fitness,Normal,pull,1,lat pulldown,4,12,0,face pulls,3,10,0,seated row,4,8,0
39,Female,Maintain Fitness,Normal,pull,3,barbell rows,3,11,0,pullups (assisted),3,11,0,chin-ups,3,12,0
22,Female,Weight Loss,Overweight,legs,1,leg press,3,15,0,bodyweight squats,3,12,0,step-ups,3,13,0
49,Female,Maintain Fitness,Underweight,push,5,weighted dips,4,10,0,overhead press,3,12,0,incline bench press,4,8,0
48,Female,Weight Loss,Obese,legs,1,leg press,3,15,0,bodyweight squats,3,14,0,step-ups,4,14,0
26,Female,Maintain Fitness,Obese,pull,1,lat pulldown,3,12,0,seated row,4,8,0,face pulls,3,10,0
30,Female,Weight Loss,Overweight,push,1,pushups,3,14,0,bench press (machine),3,14,0,shoulder press (machine),3,14,0
33,Female,Weight Loss,Obese,cardio,1,elliptical,0,0,19,none,0,0,0,none,0,0,0
31,Female,Muscle Gain,Obese,pull,1,seated row,5,6,0,lat pulldown,4,11,0,face pulls,4,10,0
52,Female,Muscle Gain,Normal,legs,1,leg press,4,9,0,bodyweight squats,4,8,0,step-ups,5,10,0
44,Male,Maintain Fitness,Normal,pull,5,weighted pullups,3,10,0,deadlifts,4,12,0,muscle-ups,3,11,0
60,Female,Weight Loss,Normal,push,1,shoulder press (machine),4,15,0,pushups,4,14,0,bench press (machine),3,12,0
65,Male,Muscle Gain,Normal,legs,1,bodyweight squats,4,11,0,step-ups,4,12,0,leg press,4,10,0
58,Male,Maintain Fitness,Overweight,push,1,bench press (machine),3,12,0,pushups,3,10,0,shoulder press (machine),4,8,0
60,Male,Maintain Fitness,Overweight,legs,1,leg press,4,10,0,bodyweight squats,4,9,0,step-ups,4,10,0
49,Female,Maintain Fitness,Normal,legs,3,leg curls,3,11,0,barbell squats,3,9,0,lunges,4,11,0
51,Male,Maintain Fitness,Overweight,pull,1,seated row,3,11,0,face pulls,4,12,0,lat pulldown,3,12,0
27,Female,Muscle Gain,Underweight,cardio,5,HIIT,0,0,24,none,0,0,0,none,0,0,0
57,Female,Maintain Fitness,Normal,push,1,shoulder press (machine),3,10,0,bench press (machine),4,8,0,pushups,3,10,0
23,Male,Weight Loss,Obese,legs,1,leg press,3,15,0,step-ups,4,13,0,bodyweight squats,3,15,0
19,Female,Maintain Fitness,Normal,push,3,bench press (barbell),4,8,0,dips,3,11,0,dumbbell press,3,11,0
24,Male,Weight Loss,Obese,push,1,shoulder press (machine),3,14,0,pushups,3,14,0,bench press (machine),4,15,0
31,Female,Muscle Gain,Obese,legs,1,step-ups,5,8,0,bodyweight squats,5,6,0,leg press,5,11,0
62,Female,Weight Loss,Normal,legs,1,leg press,3,15,0,bodyweight squats,4,15,0,step-ups,3,15,0
68,Male,Weight Loss,Overweight,cardio,1,walking,0,0,40,none,0,0,0,none,0,0,0
53,Female,Maintain Fitness,Obese,cardio,1,elliptical,0,0,38,none,0,0,0,none,0,0,0
45,Male,Weight Loss,Obese,push,1,shoulder press (machine),3,12,0,bench press (machine),3,15,0,pushups,4,12,0
66,Male,Weight Loss,Normal,push,1,bench press (machine),3,13,0,pushups,4,12,0,shoulder press (machine),4,12,0
48,Male,Maintain Fitness,Underweight,legs,3,lunges,4,9,0,leg curls,4,11,0,barbell squats,4,12,0
70,Female,Maintain Fitness,Obese,pull,1,face pulls,3,11,0,lat pulldown,4,9,0,seated row,3,10,0
64,Male,Weight Loss,Underweight,pull,1,seated row,4,13,0,face pulls,4,12,0,lat pulldown,4,15,0
39,Female,Weight Loss,Obese,legs,1,bodyweight squats,3,15,0,leg press,4,14,0,step-ups,3,12,0
29,Female,Maintain Fitness,Overweight,cardio,1,walking,0,0,27,none,0,0,0,none,0,0,0
29,Male,Muscle Gain,Underweight,push,5,overhead press,4,8,0,weighted dips,4,10,0,incline bench press,5,7,0
56,Female,Muscle Gain,Overweight,push,1,bench press (machine),5,6,0,pushups,4,9,0,shoulder press (machine),4,7,0
19,Female,Weight Loss,Obese,cardio,1,light cycling,0,0,41,none,0,0,0,none,0,0,0
39,Female,Weight Loss,Obese,push,1,bench press (machine),4,14,0,shoulder press (machine),3,13,0,pushups,3,14,0
46,Male,Muscle Gain,Normal,legs,5,front squats,5,12,0,deadlifts,5,8,0,bulgarian split squats,4,11,0
19,Female,Muscle Gain,Normal,legs,5,bulgarian split squats,4,12,0,front squats,4,10,0,deadlifts,4,10,0
52,Female,Weight Loss,Obese,pull,1,lat pulldown,4,13,0,seated row,4,12,0,face pulls,4,13,0
62,Female,Maintain Fitness,Normal,legs,1,bodyweight squats,4,8,0,step-ups,4,10,0,leg press,3,12,0
26,Female,Maintain Fitness,Underweight,cardio,1,light cycling,0,0,25,none,0,0,0,none,0,0,0
39,Female,Weight Loss,Underweight,cardio,5,HIIT,0,0,38,none,0,0,0,none,0,0,0
63,Female,Muscle Gain,Normal,push,1,bench press (machine),5,12,0,shoulder press (machine),5,10,0,pushups,5,11,0
30,Female,Weight Loss,Normal,push,5,weighted dips,3,13,0,incline bench press,3,12,0,overhead press,3,14,0
45,Male,Weight Loss,Overweight,cardio,1,elliptical,0,0,17,none,0,0,0,none,0,0,0
62,Male,Maintain Fitness,Normal,push,1,pushups,3,9,0,shoulder press (machine),3,8,0,bench press (machine),3,11,0
48,Male,Maintain Fitness,Obese,cardio,1,light cycling,0,0,24,none,0,0,0,none,0,0,0
60,Female,Maintain Fitness,Underweight,pull,1,lat pulldown,4,12,0,face pulls,4,9,0,seated row,4,12,0
62,Male,Weight Loss,Normal,cardio,1,light cycling,0,0,27,none,0,0,0,none,0,0,0
46,Female,Weight Loss,Obese,pull,1,seated row,4,15,0,face pulls,4,14,0,lat pulldown,3,12,0
64,Male,Weight Loss,Normal,legs,1,leg press,3,14,0,step-ups,4,15,0,bodyweight squats,4,14,0
51,Male,Weight Loss,Normal,cardio,1,elliptical,0,0,17,none,0,0,0,none,0,0,0
45,Female,Muscle Gain,Underweight,cardio,3,jogging,0,0,20,none,0,0,0,none,0,0,0
39,Male,Weight Loss,Overweight,cardio,1,walking,0,0,29,none,0,0,0,none,0,0,0
70,Male,Weight Loss,Obese,pull,1,face pulls,3,13,0,seated row,3,14,0,lat pulldown,3,14,0
59,Male,Maintain Fitness,Underweight,legs,1,bodyweight squats,4,10,0,step-ups,3,12,0,leg press,4,10,0
56,Female,Weight Loss,Normal,pull,1,lat pulldown,3,12,0,face pulls,3,14,0,seated row,3,13,0
56,Male,Maintain Fitness,Underweight,push,1,shoulder press (machine),3,12,0,pushups,4,10,0,bench press (machine),3,11,0
29,Male,Maintain Fitness,Underweight,cardio,1,light cycling,0,0,15,none,0,0,0,none,0,0,0
38,Female,Weight Loss,Obese,legs,1,leg press,4,15,0,step-ups,3,15,0,bodyweight squats,3,14,0
42,Male,Muscle Gain,Overweight,push,1,pushups,4,11,0,bench press (machine),5,9,0,shoulder press (machine),4,9,0
69,Female,Muscle Gain,Underweight,push,1,bench press (machine),4,11,0,pushups,5,7,0,shoulder press (machine),4,12,0
27,Female,Weight Loss,Obese,legs,1,bodyweight squats,4,14,0,step-ups,3,12,0,leg press,4,13,0
41,Male,Muscle Gain,Obese,cardio,1,elliptical,0,0,37,none,0,0,0,none,0,0,0
29,Male,Weight Loss,Normal,pull,3,chin-ups,3,13,0,pullups (assisted),3,13,0,barbell rows,4,13,0
20,Male,Weight Loss,Underweight,legs,1,bodyweight squats,4,12,0,step-ups,4,14,0,leg press,4,12,0
37,Female,Weight Loss,Normal,pull,1,face pulls,4,13,0,lat pulldown,3,12,0,seated row,3,12,0
59,Female,Muscle Gain,Obese,pull,1,seated row,4,12,0,face pulls,5,8,0,lat pulldown,5,12,0
28,Male,Weight Loss,Obese,cardio,1,walking,0,0,42,none,0,0,0,none,0,0,0
21,Female,Weight Loss,Underweight,push,5,weighted dips,3,13,0,incline bench press,4,15,0,overhead press,4,15,0
69,Female,Maintain Fitness,Normal,cardio,1,elliptical,0,0,44,none,0,0,0,none,0,0,0
34,Male,Weight Loss,Overweight,push,1,bench press (machine),3,15,0,pushups,3,13,0,shoulder press (machine),4,12,0
37,Female,Weight Loss,Normal,push,3,dips,3,15,0,bench press (barbell),4,14,0,dumbbell press,4,14,0
56,Female,Weight Loss,Underweight,pull,1,face pulls,3,14,0,seated row,3,13,0,lat pulldown,4,14,0
47,Male,Muscle Gain,Underweight,pull,3,pullups (assisted),5,8,0,barbell rows,5,8,0,chin-ups,5,10,0
42,Male,Maintain Fitness,Obese,legs,1,bodyweight squats,3,9,0,step-ups,4,8,0,leg press,3,11,0
46,Male,Muscle Gain,Underweight,pull,1,lat pulldown,4,11,0,face pulls,5,6,0,seated row,5,11,0
46,Male,Maintain Fitness,Normal,cardio,5,stair climbing,0,0,32,none,0,0,0,none,0,0,0
61,Female,Muscle Gain,Normal,cardio,1,walking,0,0,38,none,0,0,0,none,0,0,0
58,Male,Weight Loss,Obese,cardio,1,walking,0,0,38,none,0,0,0,none,0,0,0
57,Male,Weight Loss,Underweight,pull,1,lat pulldown,4,12,0,seated row,3,14,0,face pulls,3,15,0
36,Male,Weight Loss,Obese,pull,1,lat pulldown,3,14,0,face pulls,4,13,0,seated row,4,14,0
21,Male,Weight Loss,Obese,cardio,1,elliptical,0,0,41,none,0,0,0,none,0,0,0
23,Male,Muscle Gain,Obese,cardio,1,light cycling,0,0,18,none,0,0,0,none,0,0,0
55,Male,Weight Loss,Overweight,legs,1,step-ups,3,12,0,leg press,4,15,0,bodyweight squats,4,14,0
51,Male,Muscle Gain,Underweight,legs,1,step-ups,4,7,0,bodyweight squats,4,9,0,leg press,4,8,0
63,Male,Maintain Fitness,Normal,legs,1,leg press,4,9,0,step-ups,4,12,0,bodyweight squats,3,10,0
56,Male,Maintain Fitness,Normal,push,1,bench press (machine),3,12,0,shoulder press (machine),3,8,0,pushups,4,11,0
33,Female,Weight Loss,Underweight,legs,5,front squats,4,13,0,deadlifts,3,13,0,bulgarian split squats,3,15,0
57,Male,Muscle Gain,Underweight,push,1,shoulder press (machine),5,8,0,pushups,5,12,0,bench press (machine),5,8,0
59,Male,Weight Loss,Underweight,push,1,bench press (machine),3,15,0,shoulder press (machine),3,14,0,pushups,4,15,0
24,Male,Muscle Gain,Obese,legs,1,bodyweight squats,5,10,0,step-ups,5,11,0,leg press,4,6,0
34,Female,Muscle Gain,Obese,push,1,pushups,4,9,0,bench press (machine),4,8,0,shoulder press (machine),4,9,0
54,Male,Maintain Fitness,Underweight,cardio,1,light cycling,0,0,27,none,0,0,0,none,0,0,0
29,Male,Muscle Gain,Normal,legs,1,leg press,4,6,0,step-ups,4,9,0,bodyweight squats,5,7,0
39,Male,Muscle Gain,Overweight,cardio,1,light cycling,0,0,19,none,0,0,0,none,0,0,0
35,Male,Muscle Gain,Normal,pull,3,barbell rows,5,7,0,pullups (assisted),4,6,0,chin-ups,5,12,0
41,Female,Weight Loss,Underweight,cardio,5,HIIT,0,0,24,none,0,0,0,none,0,0,0
18,Male,Maintain Fitness,Normal,cardio,5,HIIT,0,0,34,none,0,0,0,none,0,0,0
56,Male,Maintain Fitness,Overweight,cardio,1,walking,0,0,20,none,0,0,0,none,0,0,0
19,Male,Muscle Gain,Normal,legs,5,front squats,4,8,0,bulgarian split squats,5,8,0,deadlifts,4,11,0
68,Male,Muscle Gain,Underweight,pull,1,seated row,4,10,0,face pulls,5,11,0,lat pulldown,5,9,0
44,Male,Weight Loss,Underweight,push,1,bench press (machine),4,15,0,shoulder press (machine),3,14,0,pushups,3,13,0
45,Male,Maintain Fitness,Underweight,push,5,incline bench press,3,9,0,weighted dips,4,9,0,overhead press,4,11,0
44,Male,Maintain Fitness,Overweight,push,1,shoulder press (machine),3,8,0,pushups,3,12,0,bench press (machine),4,12,0
25,Male,Weight Loss,Obese,push,1,pushups,3,12,0,bench press (machine),3,13,0,shoulder press (machine),4,12,0
29,Male,Weight Loss,Obese,legs,1,step-ups,3,13,0,leg press,3,12,0,bodyweight squats,4,14,0
40,Female,Muscle Gain,Overweight,legs,1,step-ups,4,6,0,leg press,4,7,0,bodyweight squats,4,6,0
48,Female,Maintain Fitness,Overweight,pull,1,seated row,4,9,0,lat pulldown,3,11,0,face pulls,4,10,0
37,Female,Muscle Gain,Underweight,legs,5,bulgarian split squats,4,8,0,front squats,4,12,0,deadlifts,5,6,0
34,Male,Maintain Fitness,Obese,cardio,1,elliptical,0,0,43,none,0,0,0,none,0,0,0
26,Male,Weight Loss,Obese,legs,1,step-ups,3,14,0,bodyweight squats,3,12,0,leg press,3,15,0
49,Male,Weight Loss,Overweight,cardio,1,elliptical,0,0,23,none,0,0,0,none,0,0,0
23,Female,Maintain Fitness,Obese,push,1,shoulder press (machine),4,12,0,pushups,3,9,0,bench press (machine),4,10,0
51,Female,Maintain Fitness,Overweight,cardio,1,walking,0,0,23,none,0,0,0,none,0,0,0
58,Female,Weight Loss,Overweight,cardio,1,elliptical,0,0,21,none,0,0,0,none,0,0,0
30,Female,Muscle Gain,Underweight,cardio,5,HIIT,0,0,17,none,0,0,0,none,0,0,0
45,Female,Weight Loss,Obese,legs,1,leg press,4,14,0,step-ups,3,13,0,bodyweight squats,4,12,0
56,Male,Maintain Fitness,Underweight,pull,1,seated row,3,10,0,face pulls,4,12,0,lat pulldown,3,8,0
57,Female,Maintain Fitness,Obese,pull,1,lat pulldown,3,9,0,seated row,3,12,0,face pulls,3,12,0
35,Male,Maintain Fitness,Overweight,push,1,shoulder press (machine),4,8,0,pushups,3,9,0,bench press (machine),4,10,0
24,Female,Muscle Gain,Normal,cardio,5,HIIT,0,0,42,none,0,0,0,none,0,0,0
59,Male,Muscle Gain,Overweight,pull,1,face pulls,5,7,0,lat pulldown,4,11,0,seated row,4,12,0
65,Male,Muscle Gain,Normal,push,1,shoulder press (machine),4,8,0,bench press (machine),5,12,0,pushups,4,9,0
53,Male,Weight Loss,Underweight,pull,1,seated row,3,15,0,face pulls,3,12,0,lat pulldown,4,12,0
21,Female,Weight Loss,Overweight,legs,1,step-ups,3,14,0,leg press,3,14,0,bodyweight squats,3,12,0
46,Male,Maintain Fitness,Underweight,pull,5,deadlifts,4,11,0,muscle-ups,4,9,0,weighted pullups,3,12,0
69,Male,Weight Loss,Normal,push,1,shoulder press (machine),3,12,0,bench press (machine),3,15,0,pushups,3,15,0
29,Female,Weight Loss,Underweight,pull,1,lat pulldown,3,15,0,seated row,3,15,0,face pulls,4,15,0
33,Female,Muscle Gain,Overweight,legs,1,step-ups,5,12,0,leg press,5,7,0,bodyweight squats,5,9,0
21,Male,Maintain Fitness,Normal,cardio,1,elliptical,0,0,39,none,0,0,0,none,0,0,0
52,Female,Muscle Gain,Underweight,cardio,1,elliptical,0,0,29,none,0,0,0,none,0,0,0
32,Male,Muscle Gain,Underweight,cardio,5,stair climbing,0,0,32,none,0,0,0,none,0,0,0
44,Male,Muscle Gain,Normal,pull,5,weighted pullups,5,6,0,deadlifts,5,10,0,muscle-ups,4,10,0
39,Male,Muscle Gain,Underweight,legs,3,lunges,5,10,0,barbell squats,5,6,0,leg curls,5,6,0
51,Female,Maintain Fitness,Overweight,push,1,bench press (machine),3,8,0,pushups,4,10,0,shoulder press (machine),4,10,0
59,Female,Muscle Gain,Overweight,cardio,1,elliptical,0,0,28,none,0,0,0,none,0,0,0
20,Female,Weight Loss,Overweight,push,1,pushups,4,14,0,shoulder press (machine),3,13,0,bench press (machine),3,14,0
51,Male,Maintain Fitness,Obese,push,1,bench press (machine),3,11,0,pushups,4,8,0,shoulder press (machine),3,9,0
20,Female,Maintain Fitness,Underweight,legs,5,bulgarian split squats,4,12,0,deadlifts,3,8,0,front squats,4,9,0
57,Male,Muscle Gain,Underweight,legs,1,leg press,5,7,0,bodyweight squats,5,10,0,step-ups,4,8,0
39,Male,Weight Loss,Obese,pull,1,face pulls,3,15,0,seated row,3,15,0,lat pulldown,3,14,0
25,Male,Muscle Gain,Overweight,cardio,1,walking,0,0,15,none,0,0,0,none,0,0,0
40,Male,Weight Loss,Obese,pull,1,lat pulldown,3,15,0,seated row,4,12,0,face pulls,3,15,0
64,Female,Weight Loss,Normal,legs,1,bodyweight squats,3,14,0,leg press,4,12,0,step-ups,4,15,0
57,Female,Maintain Fitness,Normal,push,1,bench press (machine),3,9,0,shoulder press (machine),4,9,0,pushups,3,10,0
33,Male,Weight Loss,Underweight,legs,5,bulgarian split squats,3,12,0,deadlifts,3,13,0,front squats,3,13,0
42,Female,Maintain Fitness,Overweight,cardio,1,light cycling,0,0,38,none,0,0,0,none,0,0,0
47,Female,Weight Loss,Normal,pull,1,face pulls,4,15,0,seated row,3,13,0,lat pulldown,3,12,0
64,Female,Weight Loss,Overweight,legs,1,bodyweight squats,3,12,0,leg press,4,15,0,step-ups,4,15,0
44,Female,Muscle Gain,Overweight,pull,1,lat pulldown,4,11,0,face pulls,5,6,0,seated row,4,7,0
46,Male,Maintain Fitness,Underweight,legs,1,step-ups,4,12,0,leg press,4,10,0,bodyweight squats,4,9,0
55,Female,Maintain Fitness,Obese,push,1,pushups,4,9,0,shoulder press (machine),4,12,0,bench press (machine),4,8,0
57,Male,Weight Loss,Normal,push,1,bench press (machine),3,15,0,pushups,4,14,0,shoulder press (machine),3,12,0
52,Male,Muscle Gain,Overweight,legs,1,step-ups,4,6,0,bodyweight squats,4,6,0,leg press,5,8,0
69,Female,Weight Loss,Normal,push,1,pushups,4,14,0,bench press (machine),4,13,0,shoulder press (machine),4,12,0
51,Female,Muscle Gain,Overweight,push,1,pushups,4,10,0,bench press (machine),4,9,0,shoulder press (machine),5,7,0
55,Male,Weight Loss,Normal,legs,1,bodyweight squats,3,14,0,step-ups,3,12,0,leg press,3,14,0
34,Male,Muscle Gain,Normal,cardio,1,light cycling,0,0,16,none,0,0,0,none,0,0,0
31,Male,Maintain Fitness,Overweight,push,1,shoulder press (machine),3,9,0,bench press (machine),4,11,0,pushups,3,8,0
59,Female,Muscle Gain,Underweight,legs,1,bodyweight squats,4,9,0,leg press,5,7,0,step-ups,4,11,0
47,Male,Maintain Fitness,Overweight,legs,1,bodyweight squats,4,10,0,leg press,3,12,0,step-ups,4,9,0
28,Female,Muscle Gain,Underweight,pull,3,barbell rows,4,9,0,pullups (assisted),5,7,0,chin-ups,4,6,0
45,Male,Muscle Gain,Normal,cardio,3,cycling,0,0,43,none,0,0,0,none,0,0,0
43,Female,Muscle Gain,Obese,legs,1,leg press,4,7,0,step-ups,5,8,0,bodyweight squats,5,9,0
23,Female,Weight Loss,Normal,legs,5,deadlifts,3,13,0,front squats,4,14,0,bulgarian split squats,3,13,0
65,Female,Muscle Gain,Normal,push,1,bench press (machine),5,8,0,pushups,4,9,0,shoulder press (machine),4,6,0
66,Male,Maintain Fitness,Overweight,cardio,1,light cycling,0,0,33,none,0,0,0,none,0,0,0
25,Female,Weight Loss,Normal,legs,5,deadlifts,4,14,0,bulgarian split squats,3,12,0,front squats,4,15,0
40,Female,Muscle Gain,Underweight,cardio,5,HIIT,0,0,30,none,0,0,0,none,0,0,0
30,Male,Maintain Fitness,Overweight,pull,1,seated row,4,12,0,face pulls,4,10,0,lat pulldown,3,12,0
26,Male,Muscle Gain,Underweight,legs,1,bodyweight squats,4,12,0,leg press,4,9,0,step-ups,4,8,0
36,Male,Maintain Fitness,Overweight,pull,1,lat pulldown,3,8,0,face pulls,4,12,0,seated row,4,12,0
63,Female,Weight Loss,Normal,legs,1,step-ups,3,14,0,bodyweight squats,3,14,0,leg press,3,12,0
18,Male,Maintain Fitness,Obese,push,1,shoulder press (machine),4,10,0,bench press (machine),4,8,0,pushups,3,10,0
27,Female,Weight Loss,Underweight,legs,3,lunges,3,15,0,barbell squats,3,12,0,leg curls,3,15,0
46,Female,Maintain Fitness,Normal,push,5,weighted dips,4,10,0,incline bench press,3,9,0,overhead press,4,8,0
41,Female,Weight Loss,Normal,pull,3,chin-ups,3,12,0,barbell rows,3,12,0,pullups (assisted),4,14,0
37,Male,Maintain Fitness,Normal,pull,1,seated row,4,10,0,lat pulldown,4,9,0,face pulls,3,10,0
40,Male,Muscle Gain,Underweight,push,1,shoulder press (machine),4,11,0,bench press (machine),4,9,0,pushups,5,10,0
61,Male,Muscle Gain,Normal,legs,1,step-ups,5,10,0,bodyweight squats,5,6,0,leg press,5,9,0
45,Female,Maintain Fitness,Normal,cardio,5,stair climbing,0,0,34,none,0,0,0,none,0,0,0
62,Female,Weight Loss,Obese,cardio,1,light cycling,0,0,39,none,0,0,0,none,0,0,0
55,Female,Weight Loss,Overweight,push,1,shoulder press (machine),4,13,0,bench press (machine),4,15,0,pushups,4,13,0
46,Male,Weight Loss,Underweight,pull,1,lat pulldown,3,13,0,seated row,4,15,0,face pulls,4,12,0
64,Male,Weight Loss,Underweight,push,1,shoulder press (machine),3,13,0,bench press (machine),3,12,0,pushups,3,13,0
42,Male,Weight Loss,Underweight,cardio,1,walking,0,0,23,none,0,0,0,none,0,0,0
50,Male,Weight Loss,Normal,push,3,dumbbell press,3,12,0,bench press (barbell),4,13,0,dips,3,12,0
30,Male,Muscle Gain,Normal,cardio,1,walking,0,0,33,none,0,0,0,none,0,0,0
60,Female,Maintain Fitness,Overweight,legs,1,leg press,4,10,0,bodyweight squats,4,9,0,step-ups,4,9,0
61,Male,Maintain Fitness,Normal,push,1,pushups,4,10,0,shoulder press (machine),4,12,0,bench press (machine),3,10,0
27,Male,Maintain Fitness,Overweight,pull,1,lat pulldown,3,10,0,face pulls,3,10,0,seated row,3,10,0
69,Male,Muscle Gain,Obese,pull,1,seated row,4,10,0,face pulls,5,10,0,lat pulldown,4,6,0
66,Male,Muscle Gain,Obese,cardio,1,light cycling,0,0,17,none,0,0,0,none,0,0,0
67,Female,Weight Loss,Overweight,legs,1,step-ups,3,12,0,leg press,4,14,0,bodyweight squats,4,13,0
50,Male,Muscle Gain,Obese,pull,1,lat pulldown,5,10,0,face pulls,5,12,0,seated row,4,9,0
57,Male,Weight Loss,Overweight,cardio,1,elliptical,0,0,16,none,0,0,0,none,0,0,0
69,Female,Weight Loss,Obese,pull,1,lat pulldown,4,15,0,seated row,4,12,0,face pulls,3,15,0
23,Female,Weight Loss,Normal,pull,1,seated row,3,12,0,lat pulldown,3,15,0,face pulls,4,13,0
29,Male,Muscle Gain,Underweight,legs,3,leg curls,4,8,0,barbell squats,4,8,0,lunges,5,7,0
33,Male,Weight Loss,Overweight,legs,1,bodyweight squats,4,14,0,leg press,3,13,0,step-ups,4,13,0
41,Male,Weight Loss,Underweight,legs,3,leg curls,4,15,0,lunges,3,13,0,barbell squats,3,14,0
56,Female,Muscle Gain,Overweight,push,1,pushups,4,6,0,bench press (machine),4,8,0,shoulder press (machine),4,8,0
24,Female,Weight Loss,Overweight,push,1,bench press (machine),4,12,0,shoulder press (machine),4,12,0,pushups,4,13,0
55,Male,Weight Loss,Underweight,cardio,1,elliptical,0,0,22,none,0,0,0,none,0,0,0
48,Female,Maintain Fitness,Underweight,legs,5,deadlifts,4,12,0,bulgarian split squats,4,8,0,front squats,3,11,0
66,Male,Weight Loss,Normal,push,1,bench press (machine),3,12,0,shoulder press (machine),4,12,0,pushups,4,12,0
68,Male,Muscle Gain,Obese,legs,1,bodyweight squats,4,8,0,leg press,4,11,0,step-ups,5,6,0
56,Male,Maintain Fitness,Normal,pull,1,face pulls,4,9,0,lat pulldown,3,8,0,seated row,3,12,0
41,Female,Maintain Fitness,Underweight,cardio,5,sprints,0,0,15,none,0,0,0,none,0,0,0
33,Male,Weight Loss,Obese,legs,1,bodyweight squats,4,13,0,step-ups,4,13,0,leg press,3,15,0
50,Male,Muscle Gain,Overweight,cardio,1,light cycling,0,0,36,none,0,0,0,none,0,0,0
56,Female,Weight Loss,Obese,cardio,1,elliptical,0,0,44,none,0,0,0,none,0,0,0
36,Female,Maintain Fitness,Obese,legs,1,leg press,3,12,0,bodyweight squats,4,12,0,step-ups,4,10,0
60,Female,Weight Loss,Normal,push,1,shoulder press (machine),3,13,0,pushups,3,15,0,bench press (machine),4,14,0
38,Female,Muscle Gain,Overweight,pull,1,seated row,4,7,0,lat pulldown,5,8,0,face pulls,5,6,0
18,Female,Weight Loss,Obese,pull,1,seated row,4,13,0,face pulls,3,13,0,lat pulldown,4,15,0
66,Female,Weight Loss,Normal,cardio,1,walking,0,0,41,none,0,0,0,none,0,0,0
36,Female,Maintain Fitness,Underweight,legs,5,front squats,3,11,0,deadlifts,3,12,0,bulgarian split squats,3,8,0
69,Female,Weight Loss,Overweight,push,1,pushups,4,13,0,bench press (machine),3,12,0,shoulder press (machine),3,15,0
45,Male,Muscle Gain,Overweight,cardio,1,walking,0,0,45,none,0,0,0,none,0,0,0
47,Female,Maintain Fitness,Overweight,cardio,1,light cycling,0,0,34,none,0,0,0,none,0,0,0
70,Male,Weight Loss,Normal,pull,1,seated row,4,12,0,lat pulldown,4,15,0,face pulls,3,13,0
31,Male,Weight Loss,Obese,legs,1,bodyweight squats,4,12,0,leg press,4,13,0,step-ups,4,15,0
37,Male,Muscle Gain,Overweight,push,1,bench press (machine),5,8,0,shoulder press (machine),5,6,0,pushups,4,7,0
67,Male,Muscle Gain,Overweight,cardio,1,light cycling,0,0,28,none,0,0,0,none,0,0,0
52,Female,Weight Loss,Overweight,pull,1,seated row,4,15,0,face pulls,4,15,0,lat pulldown,4,12,0
62,Male,Muscle Gain,Normal,cardio,1,light cycling,0,0,19,none,0,0,0,none,0,0,0
57,Male,Maintain Fitness,Overweight,pull,1,face pulls,3,10,0,seated row,3,9,0,lat pulldown,4,8,0
62,Female,Maintain Fitness,Overweight,pull,1,lat pulldown,3,11,0,face pulls,3,8,0,seated row,4,11,0
23,Male,Maintain Fitness,Normal,push,3,dumbbell press,4,12,0,dips,4,11,0,bench press (barbell),4,9,0
59,Male,Muscle Gain,Obese,push,1,shoulder press (machine),5,7,0,bench press (machine),4,10,0,pushups,4,9,0
23,Female,Muscle Gain,Overweight,pull,1,lat pulldown,5,8,0,seated row,5,10,0,face pulls,5,12,0
61,Female,Muscle Gain,Overweight,cardio,1,light cycling,0,0,17,none,0,0,0,none,0,0,0
47,Male,Weight Loss,Normal,legs,5,deadlifts,3,12,0,bulgarian split squats,4,12,0,front squats,4,14,0
42,Female,Weight Loss,Overweight,pull,1,lat pulldown,4,13,0,face pulls,4,14,0,seated row,4,15,0
26,Female,Maintain Fitness,Normal,cardio,1,elliptical,0,0,25,none,0,0,0,none,0,0,0
26,Male,Maintain Fitness,Normal,push,5,overhead press,4,9,0,weighted dips,4,11,0,incline bench press,4,11,0
68,Female,Muscle Gain,Underweight,legs,1,step-ups,4,11,0,leg press,5,6,0,bodyweight squats,4,11,0
66,Male,Maintain Fitness,Overweight,pull,1,face pulls,3,8,0,lat pulldown,4,10,0,seated row,4,9,0
58,Male,Muscle Gain,Normal,pull,1,seated row,4,8,0,face pulls,5,7,0,lat pulldown,5,6,0
55,Female,Maintain Fitness,Normal,push,1,bench press (machine),3,12,0,pushups,4,11,0,shoulder press (machine),4,8,0
25,Male,Maintain Fitness,Normal,pull,3,pullups (assisted),4,12,0,chin-ups,3,10,0,barbell rows,4,10,0
64,Male,Weight Loss,Underweight,push,1,shoulder press (machine),3,13,0,pushups,4,15,0,bench press (machine),3,15,0
33,Female,Muscle Gain,Underweight,cardio,3,cycling,0,0,15,none,0,0,0,none,0,0,0
20,Female,Maintain Fitness,Overweight,push,1,bench press (machine),3,12,0,pushups,3,10,0,shoulder press (machine),3,8,0
50,Female,Maintain Fitness,Underweight,pull,3,chin-ups,3,12,0,pullups (assisted),4,11,0,barbell rows,4,9,0
63,Female,Weight Loss,Obese,pull,1,lat pulldown,3,13,0,seated row,3,15,0,face pulls,3,15,0
66,Male,Maintain Fitness,Underweight,pull,1,seated row,3,12,0,lat pulldown,4,12,0,face pulls,4,10,0
50,Female,Weight Loss,Overweight,push,1,bench press (machine),4,13,0,pushups,4,14,0,shoulder press (machine),3,14,0
62,Male,Muscle Gain,Obese,cardio,1,elliptical,0,0,38,none,0,0,0,none,0,0,0
51,Male,Weight Loss,Underweight,legs,1,bodyweight squats,4,14,0,step-ups,4,12,0,leg press,4,12,0
70,Female,Muscle Gain,Underweight,legs,1,bodyweight squats,4,7,0,leg press,5,11,0,step-ups,5,8,0
68,Male,Maintain Fitness,Normal,cardio,1,walking,0,0,18,none,0,0,0,none,0,0,0
66,Male,Weight Loss,Normal,push,1,bench press (machine),3,15,0,shoulder press (machine),4,15,0,pushups,4,12,0
25,Female,Weight Loss,Overweight,legs,1,step-ups,4,14,0,bodyweight squats,3,14,0,leg press,3,15,0
34,Male,Maintain Fitness,Overweight,pull,1,face pulls,3,11,0,seated row,3,11,0,lat pulldown,3,11,0
19,Male,Muscle Gain,Overweight,cardio,1,elliptical,0,0,21,none,0,0,0,none,0,0,0
68,Male,Muscle Gain,Underweight,legs,1,leg press,5,9,0,step-ups,4,10,0,bodyweight squats,5,8,0
69,Female,Muscle Gain,Obese,legs,1,bodyweight squats,4,7,0,step-ups,4,9,0,leg press,4,7,0
45,Male,Weight Loss,Normal,cardio,3,cycling,0,0,20,none,0,0,0,none,0,0,0
45,Female,Weight Loss,Underweight,pull,1,seated row,3,15,0,face pulls,4,13,0,lat pulldown,3,15,0
59,Female,Weight Loss,Overweight,legs,1,step-ups,4,13,0,leg press,3,15,0,bodyweight squats,3,15,0
32,Male,Maintain Fitness,Normal,push,1,bench press (machine),4,8,0,shoulder press (machine),4,10,0,pushups,3,11,0
56,Female,Maintain Fitness,Underweight,pull,1,seated row,4,9,0,lat pulldown,3,8,0,face pulls,3,12,0
43,Female,Muscle Gain,Overweight,pull,1,face pulls,5,7,0,seated row,4,11,0,lat pulldown,5,9,0
63,Male,Muscle Gain,Overweight,legs,1,leg press,5,12,0,step-ups,5,8,0,bodyweight squats,4,8,0
59,Female,Maintain Fitness,Obese,push,1,pushups,3,10,0,bench press (machine),4,8,0,shoulder press (machine),3,11,0
41,Female,Weight Loss,Normal,pull,3,pullups (assisted),4,12,0,chin-ups,3,13,0,barbell rows,4,13,0
31,Female,Weight Loss,Obese,push,1,shoulder press (machine),3,14,0,bench press (machine),3,12,0,pushups,4,12,0
65,Male,Weight Loss,Normal,legs,1,bodyweight squats,3,13,0,leg press,3,12,0,step-ups,4,15,0
66,Male,Muscle Gain,Normal,pull,1,lat pulldown,5,9,0,seated row,4,9,0,face pulls,5,12,0
31,Male,Weight Loss,Normal,pull,5,muscle-ups,4,14,0,deadlifts,4,12,0,weighted pullups,4,12,0
57,Male,Maintain Fitness,Normal,legs,1,bodyweight squats,3,11,0,step-ups,4,9,0,leg press,4,10,0
68,Female,Weight Loss,Overweight,cardio,1,light cycling,0,0,25,none,0,0,0,none,0,0,0
45,Female,Maintain Fitness,Underweight,cardio,1,elliptical,0,0,18,none,0,0,0,none,0,0,0
48,Male,Muscle Gain,Overweight,cardio,1,walking,0,0,38,none,0,0,0,none,0,0,0
26,Male,Maintain Fitness,Overweight,push,1,pushups,3,8,0,shoulder press (machine),4,12,0,bench press (machine),3,8,0
34,Male,Maintain Fitness,Underweight,cardio,5,stair climbing,0,0,44,none,0,0,0,none,0,0,0
26,Male,Muscle Gain,Overweight,legs,1,bodyweight squats,5,9,0,step-ups,4,12,0,leg press,5,12,0
53,Female,Weight Loss,Overweight,pull,1,seated row,4,12,0,lat pulldown,3,15,0,face pulls,3,13,0
70,Female,Muscle Gain,Obese,cardio,1,walking,0,0,23,none,0,0,0,none,0,0,0
19,Male,Maintain Fitness,Overweight,push,1,pushups,4,9,0,bench press (machine),4,8,0,shoulder press (machine),4,8,0
67,Male,Muscle Gain,Obese,push,1,pushups,5,12,0,shoulder press (machine),5,9,0,bench press (machine),5,9,0
66,Male,Weight Loss,Normal,cardio,1,walking,0,0,30,none,0,0,0,none,0,0,0
30,Female,Muscle Gain,Overweight,legs,1,leg press,5,6,0,step-ups,4,9,0,bodyweight squats,4,10,0
39,Female,Maintain Fitness,Normal,cardio,3,swimming,0,0,23,none,0,0,0,none,0,0,0
63,Male,Maintain Fitness,Normal,push,1,bench press (machine),3,12,0,pushups,3,12,0,shoulder press (machine),3,9,0
24,Male,Weight Loss,Overweight,legs,1,bodyweight squats,3,12,0,leg press,4,13,0,step-ups,3,12,0
57,Female,Muscle Gain,Obese,pull,1,seated row,5,8,0,lat pulldown,5,10,0,face pulls,5,9,0
54,Female,Maintain Fitness,Underweight,push,1,bench press (machine),3,8,0,pushups,3,8,0,shoulder press (machine),3,12,0
56,Female,Maintain Fitness,Normal,pull,1,seated row,4,8,0,lat pulldown,4,10,0,face pulls,3,9,0
40,Male,Weight Loss,Obese,legs,1,bodyweight squats,3,14,0,step-ups,3,14,0,leg press,4,12,0
50,Female,Muscle Gain,Normal,push,5,weighted dips,5,10,0,overhead press,4,8,0,incline bench press,4,7,0
29,Male,Weight Loss,Obese,push,1,shoulder press (machine),3,15,0,pushups,3,13,0,bench press (machine),4,13,0
35,Female,Muscle Gain,Overweight,legs,1,step-ups,4,6,0,leg press,5,9,0,bodyweight squats,5,7,0
27,Male,Weight Loss,Obese,legs,1,bodyweight squats,3,13,0,leg press,3,15,0,step-ups,4,14,0
34,Male,Weight Loss,Overweight,cardio,1,light cycling,0,0,40,none,0,0,0,none,0,0,0
37,Male,Weight Loss,Overweight,cardio,1,light cycling,0,0,15,none,0,0,0,none,0,0,0
38,Male,Weight Loss,Obese,push,1,shoulder press (machine),4,13,0,bench press (machine),3,14,0,pushups,4,12,0
39,Male,Maintain Fitness,Normal,cardio,3,cycling,0,0,38,none,0,0,0,none,0,0,0
70,Female,Maintain Fitness,Underweight,push,1,pushups,4,12,0,bench press (machine),4,11,0,shoulder press (machine),4,10,0
44,Male,Muscle Gain,Normal,push,3,dumbbell press,4,12,0,dips,5,8,0,bench press (barbell),4,8,0
38,Female,Maintain Fitness,Normal,legs,1,leg press,3,9,0,step-ups,3,9,0,bodyweight squats,4,9,0
25,Male,Muscle Gain,Underweight,push,5,incline bench press,4,9,0,weighted dips,5,10,0,overhead press,4,10,0
49,Female,Weight Loss,Overweight,pull,1,seated row,3,14,0,face pulls,4,13,0,lat pulldown,3,15,0
39,Male,Weight Loss,Overweight,pull,1,lat pulldown,4,12,0,face pulls,4,13,0,seated row,3,15,0
61,Male,Maintain Fitness,Overweight,push,1,pushups,3,9,0,shoulder press (machine),3,10,0,bench press (machine),3,11,0
44,Male,Maintain Fitness,Obese,pull,1,face pulls,4,8,0,seated row,4,9,0,lat pulldown,4,11,0
22,Male,Weight Loss,Normal,legs,1,step-ups,4,13,0,leg press,4,12,0,bodyweight squats,4,14,0
47,Male,Maintain Fitness,Underweight,pull,3,barbell rows,4,10,0,pullups (assisted),4,10,0,chin-ups,3,8,0
22,Male,Muscle Gain,Underweight,cardio,5,sprints,0,0,30,none,0,0,0,none,0,0,0
58,Female,Maintain Fitness,Overweight,legs,1,bodyweight squats,3,12,0,step-ups,3,9,0,leg press,4,9,0
58,Male,Muscle Gain,Underweight,push,1,bench press (machine),5,6,0,pushups,4,10,0,shoulder press (machine),4,10,0
39,Female,Muscle Gain,Normal,legs,5,bulgarian split squats,5,7,0,deadlifts,5,7,0,front squats,4,9,0
36,Male,Muscle Gain,Obese,cardio,1,walking,0,0,41,none,0,0,0,none,0,0,0
64,Male,Muscle Gain,Overweight,legs,1,bodyweight squats,5,11,0,step-ups,4,7,0,leg press,5,8,0
25,Male,Maintain Fitness,Normal,push,3,bench press (barbell),4,9,0,dips,4,8,0,dumbbell press,3,8,0
18,Male,Maintain Fitness,Normal,push,1,bench press (machine),4,10,0,pushups,3,10,0,shoulder press (machine),4,9,0
21,Male,Maintain Fitness,Obese,pull,1,face pulls,3,9,0,lat pulldown,3,10,0,seated row,4,8,0
51,Male,Muscle Gain,Overweight,push,1,pushups,5,11,0,shoulder press (machine),5,9,0,bench press (machine),5,12,0
29,Male,Maintain Fitness,Obese,push,1,shoulder press (machine),4,10,0,bench press (machine),4,8,0,pushups,3,12,0
18,Female,Weight Loss,Obese,cardio,1,light cycling,0,0,26,none,0,0,0,none,0,0,0
54,Male,Muscle Gain,Overweight,legs,1,step-ups,5,9,0,leg press,4,7,0,bodyweight squats,4,12,0
62,Female,Weight Loss,Normal,legs,1,leg press,3,12,0,step-ups,3,12,0,bodyweight squats,3,12,0
35,Male,Muscle Gain,Overweight,cardio,1,light cycling,0,0,45,none,0,0,0,none,0,0,0
48,Female,Weight Loss,Overweight,pull,1,lat pulldown,3,15,0,face pulls,3,14,0,seated row,3,15,0
30,Female,Maintain Fitness,Normal,push,3,dumbbell press,4,12,0,dips,4,9,0,bench press (barbell),3,12,0
52,Male,Maintain Fitness,Obese,pull,1,face pulls,3,9,0,seated row,3,11,0,lat pulldown,3,11,0
23,Female,Maintain Fitness,Obese,legs,1,leg press,4,8,0,step-ups,4,11,0,bodyweight squats,4,12,0
32,Male,Muscle Gain,Underweight,pull,3,barbell rows,5,6,0,pullups (assisted),5,10,0,chin-ups,4,12,0
55,Female,Maintain Fitness,Normal,legs,1,step-ups,3,12,0,leg press,3,10,0,bodyweight squats,3,8,0
56,Male,Weight Loss,Obese,pull,1,lat pulldown,3,12,0,face pulls,4,12,0,seated row,4,12,0
35,Male,Maintain Fitness,Obese,push,1,bench press (machine),4,9,0,shoulder press (machine),4,8,0,pushups,4,12,0
55,Female,Weight Loss,Obese,push,1,shoulder press (machine),3,13,0,pushups,4,13,0,bench press (machine),4,12,0
54,Male,Weight Loss,Normal,push,1,bench press (machine),3,15,0,pushups,3,14,0,shoulder press (machine),3,15,0
29,Male,Weight Loss,Overweight,push,1,shoulder press (machine),3,12,0,bench press (machine),3,15,0,pushups,4,13,0
28,Male,Weight Loss,Underweight,push,1,shoulder press (machine),4,15,0,bench press (machine),4,12,0,pushups,3,13,0
34,Female,Weight Loss,Overweight,legs,1,step-ups,3,12,0,leg press,4,15,0,bodyweight squats,4,14,0
56,Male,Muscle Gain,Overweight,legs,1,step-ups,4,12,0,leg press,5,6,0,bodyweight squats,4,10,0
34,Female,Maintain Fitness,Obese,cardio,1,walking,0,0,23,none,0,0,0,none,0,0,0
60,Male,Weight Loss,Obese,cardio,1,walking,0,0,27,none,0,0,0,none,0,0,0
38,Male,Weight Loss,Overweight,push,1,shoulder press (machine),4,15,0,bench press (machine),3,14,0,pushups,4,13,0
37,Male,Weight Loss,Underweight,push,5,overhead press,4,15,0,weighted dips,4,13,0,incline bench press,3,13,0
69,Female,Muscle Gain,Normal,pull,1,face pulls,5,10,0,lat pulldown,5,9,0,seated row,5,11,0
19,Male,Muscle Gain,Overweight,push,1,shoulder press (machine),4,11,0,bench press (machine),4,6,0,pushups,5,10,0
38,Male,Weight Loss,Normal,push,3,bench press (barbell),3,14,0,dumbbell press,4,12,0,dips,4,15,0
63,Male,Maintain Fitness,Normal,pull,1,lat pulldown,4,10,0,face pulls,4,11,0,seated row,3,12,0
20,Female,Weight Loss,Normal,push,1,bench press (machine),3,13,0,shoulder press (machine),3,12,0,pushups,3,12,0
45,Male,Maintain Fitness,Overweight,legs,1,leg press,4,11,0,step-ups,4,8,0,bodyweight squats,4,12,0
40,Male,Maintain Fitness,Obese,push,1,shoulder press (machine),3,8,0,bench press (machine),3,12,0,pushups,3,8,0
24,Female,Muscle Gain,Overweight,cardio,1,light cycling,0,0,22,none,0,0,0,none,0,0,0
47,Female,Muscle Gain,Normal,push,1,shoulder press (machine),4,11,0,pushups,4,8,0,bench press (machine),4,8,0
25,Female,Weight Loss,Obese,legs,1,bodyweight squats,4,15,0,step-ups,3,14,0,leg press,3,14,0
57,Male,Muscle Gain,Obese,cardio,1,walking,0,0,32,none,0,0,0,none,0,0,0
37,Male,Weight Loss,Underweight,cardio,3,jogging,0,0,27,none,0,0,0,none,0,0,0
64,Male,Muscle Gain,Normal,push,1,shoulder press (machine),4,6,0,bench press (machine),4,11,0,pushups,4,11,0
32,Male,Muscle Gain,Overweight,cardio,1,elliptical,0,0,23,none,0,0,0,none,0,0,0
67,Male,Weight Loss,Underweight,legs,1,leg press,4,13,0,bodyweight squats,3,13,0,step-ups,4,15,0
51,Male,Weight Loss,Underweight,legs,1,leg press,3,15,0,bodyweight squats,3,15,0,step-ups,4,15,0
45,Male,Weight Loss,Underweight,pull,3,barbell rows,3,13,0,chin-ups,4,12,0,pullups (assisted),3,12,0
23,Male,Muscle Gain,Obese,legs,1,leg press,5,9,0,step-ups,4,6,0,bodyweight squats,4,12,0
68,Male,Maintain Fitness,Obese,pull,1,face pulls,3,11,0,seated row,4,12,0,lat pulldown,4,11,0
20,Male,Weight Loss,Obese,cardio,1,light cycling,0,0,17,none,0,0,0,none,0,0,0
50,Female,Weight Loss,Underweight,push,3,dumbbell press,4,15,0,bench press (barbell),3,12,0,dips,3,13,0
60,Female,Muscle Gain,Overweight,legs,1,step-ups,5,6,0,leg press,4,8,0,bodyweight squats,5,6,0
66,Female,Weight Loss,Underweight,pull,1,seated row,4,13,0,lat pulldown,4,14,0,face pulls,3,14,0
61,Female,Maintain Fitness,Overweight,cardio,1,walking,0,0,15,none,0,0,0,none,0,0,0
47,Male,Maintain Fitness,Obese,pull,1,seated row,3,10,0,lat pulldown,4,10,0,face pulls,3,10,0
60,Male,Muscle Gain,Overweight,cardio,1,elliptical,0,0,20,none,0,0,0,none,0,0,0
51,Female,Weight Loss,Overweight,legs,1,bodyweight squats,3,12,0,leg press,4,15,0,step-ups,4,15,0
68,Female,Maintain Fitness,Normal,pull,1,lat pulldown,4,12,0,seated row,3,11,0,face pulls,3,10,0
29,Male,Maintain Fitness,Obese,pull,1,lat pulldown,4,8,0,face pulls,3,12,0,seated row,4,11,0
20,Female,Maintain Fitness,Overweight,push,1,pushups,3,12,0,bench press (machine),4,12,0,shoulder press (machine),4,12,0
28,Female,Weight Loss,Underweight,push,1,bench press (machine),3,15,0,pushups,4,13,0,shoulder press (machine),3,15,0
60,Female,Muscle Gain,Obese,push,1,shoulder press (machine),4,10,0,pushups,4,7,0,bench press (machine),5,7,0
53,Male,Maintain Fitness,Normal,cardio,1,elliptical,0,0,35,none,0,0,0,none,0,0,0
70,Female,Weight Loss,Overweight,pull,1,face pulls,4,13,0,lat pulldown,4,13,0,seated row,4,12,0
33,Male,Weight Loss,Overweight,pull,1,face pulls,4,14,0,lat pulldown,3,13,0,seated row,3,15,0
47,Male,Muscle Gain,Obese,cardio,1,elliptical,0,0,25,none,0,0,0,none,0,0,0
34,Male,Weight Loss,Normal,pull,3,pullups (assisted),3,13,0,chin-ups,3,13,0,barbell rows,4,14,0
59,Male,Muscle Gain,Normal,legs,1,leg press,5,9,0,bodyweight squats,5,10,0,step-ups,4,12,0
31,Male,Weight Loss,Underweight,legs,3,leg curls,3,12,0,barbell squats,4,13,0,lunges,3,14,0
61,Female,Maintain Fitness,Normal,push,1,shoulder press (machine),3,11,0,bench press (machine),3,11,0,pushups,3,12,0
54,Male,Muscle Gain,Underweight,pull,1,face pulls,4,12,0,lat pulldown,5,9,0,seated row,5,8,0
30,Female,Maintain Fitness,Overweight,cardio,1,light cycling,0,0,26,none,0,0,0,none,0,0,0
62,Male,Maintain Fitness,Normal,legs,1,step-ups,3,10,0,leg press,4,10,0,bodyweight squats,3,9,0
20,Female,Muscle Gain,Underweight,push,5,incline bench press,5,7,0,overhead press,4,9,0,weighted dips,5,10,0
49,Female,Maintain Fitness,Normal,legs,5,bulgarian split squats,3,12,0,front squats,4,12,0,deadlifts,3,9,0
45,Female,Weight Loss,Overweight,push,1,bench press (machine),4,13,0,pushups,3,15,0,shoulder press (machine),4,15,0
52,Female,Weight Loss,Obese,push,1,pushups,3,15,0,shoulder press (machine),3,13,0,bench press (machine),3,12,0
48,Female,Weight Loss,Overweight,push,1,bench press (machine),4,13,0,pushups,3,15,0,shoulder press (machine),3,13,0
63,Female,Muscle Gain,Overweight,cardio,1,light cycling,0,0,29,none,0,0,0,none,0,0,0
41,Male,Muscle Gain,Normal,push,3,dips,5,12,0,bench press (barbell),5,12,0,dumbbell press,5,12,0
31,Male,Muscle Gain,Underweight,cardio,5,stair climbing,0,0,19,none,0,0,0,none,0,0,0
43,Female,Muscle Gain,Overweight,cardio,1,walking,0,0,17,none,0,0,0,none,0,0,0
57,Male,Maintain Fitness,Obese,legs,1,bodyweight squats,3,8,0,leg press,3,11,0,step-ups,3,11,0
57,Male,Maintain Fitness,Overweight,pull,1,face pulls,4,10,0,lat pulldown,3,12,0,seated row,4,12,0
67,Female,Maintain Fitness,Underweight,legs,1,step-ups,3,10,0,bodyweight squats,3,10,0,leg press,4,10,0
50,Male,Maintain Fitness,Obese,legs,1,step-ups,3,8,0,leg press,4,11,0,bodyweight squats,3,8,0
67,Male,Weight Loss,Normal,legs,1,leg press,3,12,0,bodyweight squats,3,14,0,step-ups,3,12,0
46,Female,Muscle Gain,Normal,legs,3,barbell squats,5,12,0,leg curls,4,10,0,lunges,5,11,0
34,Male,Weight Loss,Obese,pull,1,seated row,4,15,0,lat pulldown,4,13,0,face pulls,4,14,0
28,Female,Maintain Fitness,Underweight,cardio,3,swimming,0,0,25,none,0,0,0,none,0,0,0
58,Male,Maintain Fitness,Normal,cardio,1,walking,0,0,28,none,0,0,0,none,0,0,0
44,Male,Muscle Gain,Obese,legs,1,step-ups,4,7,0,leg press,5,9,0,bodyweight squats,4,10,0
23,Female,Weight Loss,Normal,legs,3,barbell squats,3,14,0,lunges,4,14,0,leg curls,3,12,0
20,Female,Maintain Fitness,Underweight,push,3,bench press (barbell),4,8,0,dips,4,9,0,dumbbell press,3,11,0
55,Female,Muscle Gain,Obese,cardio,1,light cycling,0,0,30,none,0,0,0,none,0,0,0
51,Female,Weight Loss,Overweight,cardio,1,light cycling,0,0,34,none,0,0,0,none,0,0,0
42,Male,Weight Loss,Obese,legs,1,step-ups,3,13,0,leg press,4,12,0,bodyweight squats,3,12,0
63,Female,Muscle Gain,Obese,pull,1,face pulls,5,9,0,lat pulldown,4,10,0,seated row,4,12,0
64,Female,Muscle Gain,Overweight,legs,1,step-ups,5,11,0,bodyweight squats,4,7,0,leg press,5,12,0
57,Male,Maintain Fitness,Obese,pull,1,lat pulldown,3,9,0,seated row,3,8,0,face pulls,4,9,0
22,Male,Maintain Fitness,Normal,cardio,1,elliptical,0,0,22,none,0,0,0,none,0,0,0
55,Female,Muscle Gain,Obese,pull,1,seated row,4,9,0,lat pulldown,5,9,0,face pulls,5,10,0
49,Male,Weight Loss,Underweight,pull,3,chin-ups,4,13,0,barbell rows,3,15,0,pullups (assisted),3,13,0
41,Male,Muscle Gain,Obese,pull,1,seated row,4,12,0,lat pulldown,5,12,0,face pulls,5,8,0
53,Female,Maintain Fitness,Underweight,legs,1,step-ups,4,9,0,bodyweight squats,4,11,0,leg press,4,12,0
41,Female,Maintain Fitness,Normal,push,3,dips,4,11,0,bench press (barbell),3,8,0,dumbbell press,4,9,0
27,Female,Weight Loss,Overweight,pull,1,seated row,3,15,0,face pulls,3,12,0,lat pulldown,4,15,0
34,Male,Weight Loss,Overweight,pull,1,seated row,4,15,0,face pulls,4,14,0,lat pulldown,3,15,0
69,Male,Maintain Fitness,Obese,cardio,1,walking,0,0,19,none,0,0,0,none,0,0,0
26,Male,Weight Loss,Overweight,pull,1,face pulls,4,12,0,seated row,4,14,0,lat pulldown,4,15,0
20,Female,Maintain Fitness,Normal,cardio,5,sprints,0,0,35,none,0,0,0,none,0,0,0
39,Female,Muscle Gain,Underweight,pull,3,chin-ups,4,12,0,barbell rows,4,9,0,pullups (assisted),5,10,0
18,Male,Weight Loss,Normal,cardio,1,walking,0,0,34,none,0,0,0,none,0,0,0
58,Male,Weight Loss,Normal,pull,1,face pulls,4,13,0,seated row,3,12,0,lat pulldown,3,13,0
43,Male,Maintain Fitness,Normal,pull,1,seated row,3,10,0,lat pulldown,3,8,0,face pulls,3,10,0
26,Male,Muscle Gain,Underweight,pull,3,pullups (assisted),4,6,0,barbell rows,5,10,0,chin-ups,4,7,0
57,Male,Weight Loss,Overweight,cardio,1,light cycling,0,0,44,none,0,0,0,none,0,0,0
23,Female,Muscle Gain,Obese,pull,1,face pulls,4,6,0,lat pulldown,4,6,0,seated row,4,9,0
40,Male,Maintain Fitness,Underweight,pull,1,face pulls,3,12,0,seated row,4,10,0,lat pulldown,4,9,0
19,Female,Muscle Gain,Overweight,legs,1,step-ups,4,11,0,leg press,5,7,0,bodyweight squats,4,11,0
25,Female,Muscle Gain,Normal,pull,5,weighted pullups,4,10,0,muscle-ups,4,7,0,deadlifts,4,6,0
29,Male,Weight Loss,Underweight,cardio,3,swimming,0,0,32,none,0,0,0,none,0,0,0
57,Female,Muscle Gain,Obese,legs,1,leg press,4,11,0,bodyweight squats,4,12,0,step-ups,4,8,0
48,Male,Muscle Gain,Underweight,legs,3,barbell squats,4,8,0,leg curls,5,11,0,lunges,4,10,0
50,Male,Muscle Gain,Obese,push,1,bench press (machine),4,10,0,pushups,5,9,0,shoulder press (machine),5,10,0
63,Male,Weight Loss,Overweight,push,1,bench press (machine),3,12,0,shoulder press (machine),4,13,0,pushups,3,12,0
66,Male,Maintain Fitness,Obese,pull,1,face pulls,3,9,0,seated row,4,10,0,lat pulldown,4,11,0
50,Female,Muscle Gain,Normal,push,5,incline bench press,5,10,0,weighted dips,5,8,0,overhead press,5,12,0
54,Female,Muscle Gain,Underweight,push,1,pushups,4,10,0,shoulder press (machine),5,6,0,bench press (machine),4,12,0
57,Female,Weight Loss,Obese,legs,1,bodyweight squats,4,13,0,leg press,4,13,0,step-ups,4,12,0
37,Male,Maintain Fitness,Obese,legs,1,bodyweight squats,4,10,0,leg press,4,12,0,step-ups,3,12,0
28,Female,Maintain Fitness,Obese,cardio,1,elliptical,0,0,19,none,0,0,0,none,0,0,0
20,Male,Weight Loss,Overweight,push,1,bench press (machine),4,12,0,pushups,3,14,0,shoulder press (machine),4,15,0
52,Male,Weight Loss,Obese,push,1,shoulder press (machine),3,12,0,bench press (machine),3,15,0,pushups,3,14,0
62,Female,Weight Loss,Normal,cardio,1,walking,0,0,37,none,0,0,0,none,0,0,0
66,Male,Maintain Fitness,Overweight,pull,1,lat pulldown,3,9,0,face pulls,4,8,0,seated row,3,11,0
20,Male,Muscle Gain,Normal,push,5,incline bench press,4,7,0,overhead press,4,10,0,weighted dips,4,10,0
34,Female,Maintain Fitness,Obese,push,1,bench press (machine),4,12,0,pushups,3,9,0,shoulder press (machine),4,10,0
29,Female,Maintain Fitness,Obese,legs,1,step-ups,4,11,0,leg press,3,12,0,bodyweight squats,4,10,0
24,Female,Muscle Gain,Normal,push,5,overhead press,4,12,0,incline bench press,4,7,0,weighted dips,5,8,0
22,Male,Weight Loss,Normal,cardio,1,light cycling,0,0,25,none,0,0,0,none,0,0,0
33,Female,Maintain Fitness,Underweight,legs,3,leg curls,3,10,0,lunges,3,12,0,barbell squats,4,11,0
55,Female,Muscle Gain,Underweight,pull,1,seated row,5,6,0,face pulls,4,7,0,lat pulldown,4,10,0
38,Male,Maintain Fitness,Overweight,pull,1,face pulls,3,8,0,seated row,3,12,0,lat pulldown,3,11,0
26,Male,Maintain Fitness,Obese,pull,1,face pulls,4,9,0,lat pulldown,4,8,0,seated row,3,9,0
23,Male,Weight Loss,Obese,push,1,pushups,4,12,0,bench press (machine),3,13,0,shoulder press (machine),4,12,0
62,Male,Muscle Gain,Normal,legs,1,leg press,5,9,0,bodyweight squats,5,8,0,step-ups,5,12,0
59,Female,Muscle Gain,Obese,cardio,1,elliptical,0,0,16,none,0,0,0,none,0,0,0
22,Female,Weight Loss,Overweight,push,1,pushups,4,15,0,bench press (machine),4,13,0,shoulder press (machine),4,15,0
67,Female,Maintain Fitness,Obese,legs,1,leg press,3,9,0,bodyweight squats,3,9,0,step-ups,3,11,0
36,Female,Maintain Fitness,Overweight,legs,1,bodyweight squats,4,9,0,step-ups,4,10,0,leg press,4,11,0
43,Female,Muscle Gain,Obese,pull,1,face pulls,4,10,0,seated row,5,9,0,lat pulldown,5,6,0
48,Female,Maintain Fitness,Normal,push,5,incline bench press,4,8,0,overhead press,4,9,0,weighted dips,4,10,0
68,Female,Maintain Fitness,Obese,legs,1,leg press,3,8,0,step-ups,3,11,0,bodyweight squats,3,9,0
26,Male,Maintain Fitness,Normal,legs,3,lunges,4,8,0,leg curls,4,11,0,barbell squats,3,8,0
42,Male,Weight Loss,Normal,legs,5,front squats,4,14,0,bulgarian split squats,3,14,0,deadlifts,4,15,0
28,Female,Muscle Gain,Normal,push,5,overhead press,4,10,0,weighted dips,5,6,0,incline bench press,5,7,0
19,Male,Weight Loss,Overweight,cardio,1,light cycling,0,0,37,none,0,0,0,none,0,0,0
36,Female,Maintain Fitness,Normal,pull,1,face pulls,3,10,0,lat pulldown,4,8,0,seated row,4,9,0
52,Male,Maintain Fitness,Obese,push,1,bench press (machine),4,8,0,pushups,4,8,0,shoulder press (machine),3,11,0
38,Male,Maintain Fitness,Obese,legs,1,leg press,3,9,0,step-ups,4,9,0,bodyweight squats,4,12,0
25,Female,Maintain Fitness,Obese,pull,1,face pulls,3,8,0,lat pulldown,4,11,0,seated row,3,11,0
58,Female,Weight Loss,Underweight,legs,1,bodyweight squats,3,14,0,leg press,3,15,0,step-ups,4,12,0
66,Male,Weight Loss,Overweight,cardio,1,elliptical,0,0,44,none,0,0,0,none,0,0,0
54,Female,Weight Loss,Overweight,push,1,shoulder press (machine),3,12,0,bench press (machine),4,12,0,pushups,4,14,0
21,Female,Maintain Fitness,Obese,pull,1,seated row,3,9,0,lat pulldown,4,9,0,face pulls,3,10,0
41,Female,Muscle Gain,Normal,cardio,3,jogging,0,0,25,none,0,0,0,none,0,0,0
63,Male,Weight Loss,Obese,legs,1,step-ups,3,13,0,leg press,4,13,0,bodyweight squats,3,12,0
29,Male,Maintain Fitness,Overweight,legs,1,bodyweight squats,4,9,0,step-ups,4,9,0,leg press,4,9,0
21,Female,Maintain Fitness,Obese,push,1,shoulder press (machine),3,11,0,pushups,4,9,0,bench press (machine),4,8,0
33,Female,Maintain Fitness,Underweight,pull,3,barbell rows,3,12,0,chin-ups,3,12,0,pullups (assisted),3,9,0
25,Female,Maintain Fitness,Overweight,pull,1,seated row,3,11,0,face pulls,3,11,0,lat pulldown,4,10,0
33,Male,Muscle Gain,Obese,cardio,1,elliptical,0,0,31,none,0,0,0,none,0,0,0
43,Male,Weight Loss,Normal,legs,3,barbell squats,3,14,0,lunges,3,15,0,leg curls,4,13,0
52,Female,Muscle Gain,Normal,cardio,1,walking,0,0,33,none,0,0,0,none,0,0,0
39,Female,Muscle Gain,Overweight,cardio,1,walking,0,0,36,none,0,0,0,none,0,0,0
19,Female,Maintain Fitness,Obese,cardio,1,walking,0,0,21,none,0,0,0,none,0,0,0
48,Male,Muscle Gain,Underweight,push,3,dips,5,8,0,bench press (barbell),5,8,0,dumbbell press,5,9,0
38,Female,Maintain Fitness,Obese,cardio,1,walking,0,0,27,none,0,0,0,none,0,0,0
21,Female,Muscle Gain,Obese,legs,1,leg press,5,6,0,step-ups,4,7,0,bodyweight squats,4,7,0
32,Female,Weight Loss,Obese,legs,1,leg press,3,12,0,step-ups,3,14,0,bodyweight squats,3,12,0
45,Female,Weight Loss,Underweight,cardio,5,HIIT,0,0,39,none,0,0,0,none,0,0,0
67,Male,Muscle Gain,Overweight,pull,1,lat pulldown,4,11,0,seated row,5,10,0,face pulls,5,10,0
32,Male,Muscle Gain,Normal,pull,5,weighted pullups,4,11,0,deadlifts,5,11,0,muscle-ups,5,9,0
24,Female,Muscle Gain,Obese,cardio,1,elliptical,0,0,30,none,0,0,0,none,0,0,0
56,Female,Maintain Fitness,Overweight,pull,1,lat pulldown,3,12,0,seated row,3,11,0,face pulls,3,8,0
20,Male,Weight Loss,Overweight,push,1,bench press (machine),4,13,0,pushups,3,13,0,shoulder press (machine),4,14,0
68,Female,Weight Loss,Underweight,legs,1,bodyweight squats,3,12,0,leg press,4,14,0,step-ups,3,12,0
41,Male,Weight Loss,Overweight,legs,1,leg press,3,13,0,bodyweight squats,3,15,0,step-ups,4,14,0
21,Male,Muscle Gain,Overweight,push,1,shoulder press (machine),5,6,0,pushups,5,7,0,bench press (machine),5,7,0
18,Male,Maintain Fitness,Overweight,pull,1,lat pulldown,3,11,0,face pulls,4,12,0,seated row,3,10,0
55,Female,Weight Loss,Normal,legs,1,step-ups,3,13,0,bodyweight squats,3,13,0,leg press,4,14,0
62,Male,Muscle Gain,Underweight,legs,1,step-ups,4,10,0,leg press,4,10,0,bodyweight squats,5,9,0
34,Female,Maintain Fitness,Underweight,push,5,overhead press,3,11,0,weighted dips,4,8,0,incline bench press,3,11,0
39,Male,Maintain Fitness,Normal,pull,5,muscle-ups,3,8,0,deadlifts,4,12,0,weighted pullups,4,11,0
68,Female,Maintain Fitness,Normal,push,1,bench press (machine),3,12,0,pushups,3,12,0,shoulder press (machine),3,10,0
18,Male,Muscle Gain,Normal,pull,5,muscle-ups,4,8,0,deadlifts,5,7,0,weighted pullups,5,11,0
68,Male,Weight Loss,Normal,push,1,pushups,4,12,0,bench press (machine),4,15,0,shoulder press (machine),4,14,0
43,Female,Maintain Fitness,Overweight,cardio,1,walking,0,0,19,none,0,0,0,none,0,0,0
44,Male,Muscle Gain,Obese,pull,1,lat pulldown,5,12,0,seated row,5,8,0,face pulls,4,11,0
47,Male,Muscle Gain,Overweight,legs,1,bodyweight squats,5,11,0,leg press,5,11,0,step-ups,4,11,0
56,Male,Maintain Fitness,Obese,legs,1,leg press,3,12,0,step-ups,3,10,0,bodyweight squats,3,10,0
55,Male,Muscle Gain,Obese,legs,1,step-ups,5,6,0,leg press,4,11,0,bodyweight squats,4,6,0
53,Male,Weight Loss,Normal,push,1,shoulder press (machine),3,12,0,pushups,4,13,0,bench press (machine),3,14,0
47,Male,Weight Loss,Obese,legs,1,step-ups,3,12,0,bodyweight squats,4,15,0,leg press,4,12,0
21,Female,Muscle Gain,Normal,legs,5,front squats,4,6,0,deadlifts,4,9,0,bulgarian split squats,5,6,0
18,Male,Weight Loss,Underweight,pull,5,muscle-ups,3,13,0,weighted pullups,3,12,0,deadlifts,4,14,0
21,Male,Maintain Fitness,Overweight,pull,1,seated row,3,9,0,lat pulldown,3,8,0,face pulls,4,10,0
42,Male,Maintain Fitness,Normal,cardio,5,stair climbing,0,0,23,none,0,0,0,none,0,0,0
29,Male,Muscle Gain,Normal,push,5,incline bench press,4,11,0,weighted dips,4,6,0,overhead press,5,9,0
22,Male,Muscle Gain,Normal,pull,5,muscle-ups,4,6,0,weighted pullups,4,8,0,deadlifts,4,10,0
46,Female,Maintain Fitness,Normal,push,5,overhead press,4,11,0,incline bench press,4,10,0,weighted dips,4,12,0
52,Female,Muscle Gain,Underweight,pull,1,face pulls,4,12,0,seated row,4,6,0,lat pulldown,4,10,0
23,Female,Weight Loss,Underweight,pull,1,lat pulldown,3,13,0,seated row,3,12,0,face pulls,3,12,0
40,Female,Weight Loss,Overweight,legs,1,bodyweight squats,3,12,0,step-ups,3,12,0,leg press,3,12,0
42,Male,Weight Loss,Overweight,cardio,1,light cycling,0,0,16,none,0,0,0,none,0,0,0
61,Female,Weight Loss,Underweight,legs,1,leg press,4,14,0,step-ups,3,13,0,bodyweight squats,4,12,0
63,Female,Muscle Gain,Overweight,cardio,1,elliptical,0,0,40,none,0,0,0,none,0,0,0
42,Female,Maintain Fitness,Overweight,legs,1,step-ups,3,11,0,bodyweight squats,3,12,0,leg press,4,11,0
24,Female,Maintain Fitness,Underweight,legs,1,step-ups,3,10,0,bodyweight squats,4,12,0,leg press,4,10,0
49,Female,Muscle Gain,Normal,legs,1,leg press,4,9,0,step-ups,5,7,0,bodyweight squats,5,10,0
25,Female,Weight Loss,Underweight,cardio,3,cycling,0,0,35,none,0,0,0,none,0,0,0
27,Male,Weight Loss,Normal,legs,5,front squats,3,14,0,deadlifts,3,12,0,bulgarian split squats,4,14,0
28,Female,Weight Loss,Obese,push,1,bench press (machine),3,15,0,shoulder press (machine),4,15,0,pushups,3,12,0
66,Female,Weight Loss,Obese,legs,1,bodyweight squats,3,12,0,step-ups,3,13,0,leg press,4,15,0
56,Female,Maintain Fitness,Underweight,pull,1,lat pulldown,4,12,0,face pulls,4,12,0,seated row,3,10,0
34,Female,Weight Loss,Normal,cardio,1,walking,0,0,30,none,0,0,0,none,0,0,0
60,Male,Muscle Gain,Normal,pull,1,seated row,4,7,0,face pulls,4,12,0,lat pulldown,5,9,0
34,Female,Weight Loss,Overweight,push,1,shoulder press (machine),4,14,0,pushups,3,13,0,bench press (machine),3,12,0
38,Female,Maintain Fitness,Normal,push,1,bench press (machine),4,9,0,shoulder press (machine),4,12,0,pushups,4,10,0
65,Male,Weight Loss,Obese,legs,1,step-ups,4,12,0,leg press,3,12,0,bodyweight squats,3,13,0
30,Male,Weight Loss,Underweight,pull,5,weighted pullups,4,12,0,muscle-ups,3,13,0,deadlifts,3,12,0
27,Male,Muscle Gain,Normal,push,1,pushups,5,9,0,shoulder press (machine),5,7,0,bench press (machine),4,9,0
43,Female,Weight Loss,Normal,pull,3,pullups (assisted),4,12,0,chin-ups,3,15,0,barbell rows,4,13,0
52,Female,Maintain Fitness,Obese,pull,1,seated row,4,10,0,lat pulldown,3,11,0,face pulls,4,8,0
28,Male,Weight Loss,Overweight,cardio,1,elliptical,0,0,40,none,0,0,0,none,0,0,0
28,Male,Weight Loss,Overweight,legs,1,leg press,3,15,0,step-ups,4,13,0,bodyweight squats,4,13,0
69,Female,Muscle Gain,Normal,legs,1,bodyweight squats,4,12,0,step-ups,4,7,0,leg press,5,10,0
20,Female,Muscle Gain,Underweight,push,5,incline bench press,4,8,0,weighted dips,5,6,0,overhead press,5,6,0
47,Male,Muscle Gain,Normal,legs,1,bodyweight squats,5,10,0,leg press,4,7,0,step-ups,5,10,0
41,Male,Weight Loss,Normal,legs,1,step-ups,3,14,0,bodyweight squats,4,15,0,leg press,3,12,0
49,Female,Weight Loss,Underweight,cardio,1,elliptical,0,0,39,none,0,0,0,none,0,0,0
30,Female,Weight Loss,Overweight,push,1,bench press (machine),4,15,0,pushups,3,12,0,shoulder press (machine),4,13,0
47,Female,Maintain Fitness,Overweight,pull,1,lat pulldown,3,10,0,seated row,4,10,0,face pulls,3,8,0
22,Male,Maintain Fitness,Normal,pull,5,deadlifts,4,10,0,weighted pullups,3,12,0,muscle-ups,3,11,0
38,Female,Muscle Gain,Overweight,cardio,1,walking,0,0,41,none,0,0,0,none,0,0,0
68,Female,Muscle Gain,Obese,pull,1,seated row,5,9,0,face pulls,4,7,0,lat pulldown,4,7,0
46,Male,Muscle Gain,Overweight,cardio,1,light cycling,0,0,22,none,0,0,0,none,0,0,0
34,Female,Weight Loss,Overweight,push,1,pushups,3,13,0,bench press (machine),4,15,0,shoulder press (machine),4,15,0
24,Male,Weight Loss,Obese,pull,1,seated row,4,15,0,lat pulldown,4,15,0,face pulls,4,13,0
44,Male,Maintain Fitness,Normal,push,1,shoulder press (machine),3,9,0,pushups,3,10,0,bench press (machine),4,12,0
63,Male,Maintain Fitness,Normal,pull,1,face pulls,4,10,0,lat pulldown,3,10,0,seated row,4,10,0
59,Male,Maintain Fitness,Obese,cardio,1,walking,0,0,42,none,0,0,0,none,0,0,0
67,Female,Muscle Gain,Overweight,legs,1,leg press,5,10,0,step-ups,4,11,0,bodyweight squats,5,10,0
70,Female,Muscle Gain,Obese,push,1,bench press (machine),5,6,0,pushups,5,6,0,shoulder press (machine),4,7,0
57,Male,Muscle Gain,Overweight,cardio,1,light cycling,0,0,35,none,0,0,0,none,0,0,0
19,Female,Muscle Gain,Overweight,legs,1,step-ups,4,9,0,leg press,5,11,0,bodyweight squats,5,10,0
28,Female,Weight Loss,Obese,pull,1,lat pulldown,4,12,0,face pulls,3,13,0,seated row,4,12,0
40,Female,Muscle Gain,Overweight,legs,1,bodyweight squats,5,12,0,step-ups,4,6,0,leg press,5,7,0
50,Female,Weight Loss,Normal,push,5,incline bench press,3,12,0,weighted dips,3,14,0,overhead press,4,12,0
62,Female,Weight Loss,Overweight,legs,1,step-ups,4,13,0,leg press,3,12,0,bodyweight squats,3,15,0
59,Female,Maintain Fitness,Obese,cardio,1,elliptical,0,0,19,none,0,0,0,none,0,0,0
65,Female,Weight Loss,Underweight,legs,1,leg press,3,13,0,bodyweight squats,3,13,0,step-ups,3,13,0
70,Female,Maintain Fitness,Overweight,push,1,bench press (machine),4,10,0,pushups,4,9,0,shoulder press (machine),3,8,0
21,Female,Maintain Fitness,Underweight,legs,5,bulgarian split squats,3,12,0,deadlifts,3,12,0,front squats,3,8,0
53,Male,Weight Loss,Obese,cardio,1,elliptical,0,0,30,none,0,0,0,none,0,0,0
18,Male,Muscle Gain,Underweight,push,5,incline bench press,5,9,0,overhead press,5,6,0,weighted dips,4,10,0
59,Male,Muscle Gain,Obese,pull,1,seated row,4,8,0,lat pulldown,5,11,0,face pulls,5,9,0
64,Male,Weight Loss,Underweight,pull,1,face pulls,4,12,0,seated row,4,14,0,lat pulldown,3,13,0
30,Male,Muscle Gain,Underweight,push,3,dips,4,8,0,dumbbell press,5,11,0,bench press (barbell),5,10,0
41,Female,Weight Loss,Underweight,pull,3,barbell rows,4,13,0,chin-ups,4,14,0,pullups (assisted),3,12,0
34,Female,Maintain Fitness,Obese,cardio,1,walking,0,0,44,none,0,0,0,none,0,0,0
67,Male,Maintain Fitness,Obese,legs,1,leg press,3,9,0,step-ups,4,8,0,bodyweight squats,3,12,0
27,Female,Muscle Gain,Normal,push,1,bench press (machine),4,10,0,shoulder press (machine),4,7,0,pushups,5,6,0
61,Female,Muscle Gain,Overweight,legs,1,leg press,4,6,0,step-ups,4,8,0,bodyweight squats,5,12,0
43,Female,Muscle Gain,Normal,cardio,5,stair climbing,0,0,19,none,0,0,0,none,0,0,0
70,Female,Muscle Gain,Obese,pull,1,lat pulldown,5,10,0,face pulls,4,10,0,seated row,5,6,0
62,Female,Muscle Gain,Underweight,pull,1,face pulls,5,9,0,seated row,5,11,0,lat pulldown,4,6,0
59,Female,Maintain Fitness,Underweight,push,1,bench press (machine),3,8,0,shoulder press (machine),4,8,0,pushups,4,9,0
42,Female,Muscle Gain,Underweight,legs,3,lunges,4,7,0,leg curls,5,8,0,barbell squats,5,6,0
67,Male,Maintain Fitness,Overweight,push,1,shoulder press (machine),3,9,0,pushups,4,10,0,bench press (machine),3,8,0
52,Female,Muscle Gain,Underweight,legs,1,step-ups,5,11,0,leg press,5,8,0,bodyweight squats,4,9,0
58,Female,Muscle Gain,Overweight,pull,1,seated row,5,12,0,face pulls,5,11,0,lat pulldown,5,12,0
68,Male,Maintain Fitness,Normal,legs,1,leg press,3,8,0,step-ups,3,10,0,bodyweight squats,4,12,0
67,Male,Weight Loss,Normal,cardio,1,light cycling,0,0,28,none,0,0,0,none,0,0,0
23,Female,Weight Loss,Underweight,legs,1,leg press,4,14,0,bodyweight squats,4,13,0,step-ups,3,14,0
61,Male,Maintain Fitness,Obese,pull,1,seated row,4,9,0,face pulls,3,9,0,lat pulldown,4,12,0
38,Male,Muscle Gain,Overweight,pull,1,lat pulldown,4,6,0,face pulls,5,12,0,seated row,4,6,0
40,Female,Muscle Gain,Overweight,cardio,1,light cycling,0,0,26,none,0,0,0,none,0,0,0
63,Female,Weight Loss,Underweight,pull,1,lat pulldown,4,15,0,face pulls,3,15,0,seated row,3,15,0
34,Male,Muscle Gain,Overweight,pull,1,lat pulldown,5,10,0,face pulls,5,6,0,seated row,5,8,0
23,Female,Muscle Gain,Underweight,legs,5,bulgarian split squats,4,9,0,deadlifts,4,6,0,front squats,5,7,0
18,Female,Maintain Fitness,Underweight,push,3,dips,4,12,0,bench press (barbell),4,10,0,dumbbell press,4,12,0
47,Male,Maintain Fitness,Obese,cardio,1,light cycling,0,0,18,none,0,0,0,none,0,0,0
58,Female,Muscle Gain,Overweight,pull,1,face pulls,4,6,0,lat pulldown,5,11,0,seated row,4,12,0
48,Female,Muscle Gain,Overweight,cardio,1,elliptical,0,0,27,none,0,0,0,none,0,0,0
61,Male,Weight Loss,Overweight,cardio,1,walking,0,0,15,none,0,0,0,none,0,0,0
57,Male,Maintain Fitness,Overweight,push,1,pushups,4,12,0,shoulder press (machine),4,12,0,bench press (machine),4,9,0
33,Female,Maintain Fitness,Obese,push,1,shoulder press (machine),3,10,0,pushups,3,10,0,bench press (machine),3,12,0
62,Female,Maintain Fitness,Normal,push,1,bench press (machine),4,8,0,shoulder press (machine),4,8,0,pushups,4,12,0
63,Male,Muscle Gain,Overweight,push,1,bench press (machine),5,10,0,pushups,5,6,0,shoulder press (machine),5,11,0
28,Female,Muscle Gain,Obese,pull,1,face pulls,4,11,0,seated row,4,9,0,lat pulldown,5,11,0
61,Male,Maintain Fitness,Underweight,cardio,1,walking,0,0,45,none,0,0,0,none,0,0,0
68,Male,Weight Loss,Underweight,legs,1,bodyweight squats,4,13,0,leg press,4,14,0,step-ups,3,15,0
23,Female,Maintain Fitness,Normal,cardio,3,jogging,0,0,26,none,0,0,0,none,0,0,0
18,Female,Muscle Gain,Underweight,cardio,5,sprints,0,0,22,none,0,0,0,none,0,0,0
21,Male,Maintain Fitness,Normal,pull,5,weighted pullups,3,11,0,deadlifts,4,10,0,muscle-ups,4,12,0
30,Male,Maintain Fitness,Obese,push,1,shoulder press (machine),3,11,0,bench press (machine),3,11,0,pushups,3,11,0
49,Female,Weight Loss,Normal,push,1,bench press (machine),4,12,0,pushups,3,14,0,shoulder press (machine),3,15,0
18,Male,Muscle Gain,Normal,push,5,weighted dips,5,9,0,overhead press,5,6,0,incline bench press,4,10,0
45,Female,Muscle Gain,Obese,pull,1,face pulls,4,12,0,lat pulldown,5,7,0,seated row,5,8,0
41,Female,Muscle Gain,Obese,legs,1,bodyweight squats,5,8,0,step-ups,4,8,0,leg press,4,11,0
68,Female,Weight Loss,Obese,legs,1,leg press,4,12,0,bodyweight squats,3,13,0,step-ups,3,14,0
35,Female,Weight Loss,Overweight,push,1,shoulder press (machine),4,14,0,pushups,4,13,0,bench press (machine),4,12,0
51,Male,Muscle Gain,Obese,cardio,1,walking,0,0,34,none,0,0,0,none,0,0,0
42,Female,Maintain Fitness,Overweight,legs,1,bodyweight squats,3,9,0,leg press,4,12,0,step-ups,4,9,0
38,Male,Weight Loss,Overweight,push,1,shoulder press (machine),4,14,0,pushups,3,15,0,bench press (machine),4,15,0
41,Female,Muscle Gain,Obese,pull,1,face pulls,5,6,0,seated row,5,12,0,lat pulldown,5,6,0
28,Female,Weight Loss,Underweight,cardio,5,HIIT,0,0,44,none,0,0,0,none,0,0,0
69,Male,Weight Loss,Obese,pull,1,seated row,4,13,0,face pulls,3,15,0,lat pulldown,3,15,0
70,Female,Weight Loss,Overweight,legs,1,step-ups,4,13,0,bodyweight squats,3,15,0,leg press,3,14,0
38,Female,Muscle Gain,Overweight,cardio,1,light cycling,0,0,27,none,0,0,0,none,0,0,0
33,Female,Muscle Gain,Overweight,cardio,1,walking,0,0,20,none,0,0,0,none,0,0,0
20,Male,Weight Loss,Obese,legs,1,leg press,4,13,0,step-ups,3,13,0,bodyweight squats,3,12,0
41,Female,Muscle Gain,Normal,push,5,overhead press,4,11,0,incline bench press,5,6,0,weighted dips,4,7,0
21,Female,Muscle Gain,Obese,legs,1,bodyweight squats,4,6,0,step-ups,4,9,0,leg press,4,12,0
53,Female,Muscle Gain,Underweight,cardio,1,light cycling,0,0,28,none,0,0,0,none,0,0,0
25,Male,Maintain Fitness,Underweight,legs,1,step-ups,4,8,0,bodyweight squats,3,9,0,leg press,4,9,0
62,Male,Muscle Gain,Obese,push,1,pushups,5,12,0,bench press (machine),5,7,0,shoulder press (machine),4,7,0
24,Male,Maintain Fitness,Obese,cardio,1,light cycling,0,0,36,none,0,0,0,none,0,0,0
25,Male,Muscle Gain,Obese,cardio,1,light cycling,0,0,18,none,0,0,0,none,0,0,0
30,Female,Maintain Fitness,Overweight,pull,1,lat pulldown,4,8,0,face pulls,4,11,0,seated row,4,12,0
58,Male,Muscle Gain,Normal,cardio,1,walking,0,0,45,none,0,0,0,none,0,0,0
51,Female,Muscle Gain,Normal,legs,1,step-ups,5,8,0,leg press,5,11,0,bodyweight squats,5,10,0
36,Female,Muscle Gain,Obese,push,1,bench press (machine),4,10,0,pushups,4,8,0,shoulder press (machine),4,7,0
21,Male,Weight Loss,Obese,pull,1,face pulls,4,14,0,seated row,3,14,0,lat pulldown,4,12,0
50,Female,Weight Loss,Normal,legs,5,bulgarian split squats,4,12,0,deadlifts,4,13,0,front squats,4,13,0
59,Female,Maintain Fitness,Underweight,push,1,pushups,4,8,0,shoulder press (machine),4,8,0,bench press (machine),4,9,0
36,Male,Muscle Gain,Obese,push,1,shoulder press (machine),4,8,0,bench press (machine),5,12,0,pushups,4,8,0
49,Male,Maintain Fitness,Overweight,push,1,bench press (machine),3,11,0,shoulder press (machine),4,12,0,pushups,3,9,0
41,Female,Muscle Gain,Normal,pull,3,pullups (assisted),5,9,0,chin-ups,4,9,0,barbell rows,4,10,0
38,Male,Muscle Gain,Obese,legs,1,bodyweight squats,4,11,0,step-ups,4,6,0,leg press,5,12,0
50,Female,Muscle Gain,Underweight,cardio,3,swimming,0,0,41,none,0,0,0,none,0,0,0
62,Male,Maintain Fitness,Underweight,push,1,bench press (machine),4,9,0,pushups,4,8,0,shoulder press (machine),4,11,0
54,Male,Weight Loss,Overweight,pull,1,lat pulldown,4,13,0,seated row,4,15,0,face pulls,4,13,0
35,Female,Weight Loss,Obese,pull,1,lat pulldown,4,15,0,seated row,3,13,0,face pulls,4,14,0
46,Male,Muscle Gain,Underweight,pull,5,deadlifts,4,8,0,weighted pullups,4,7,0,muscle-ups,4,7,0
57,Female,Maintain Fitness,Normal,cardio,1,light cycling,0,0,20,none,0,0,0,none,0,0,0
28,Female,Weight Loss,Obese,push,1,bench press (machine),3,12,0,pushups,3,14,0,shoulder press (machine),3,14,0
49,Female,Muscle Gain,Underweight,pull,1,lat pulldown,5,8,0,seated row,4,8,0,face pulls,5,7,0
56,Female,Weight Loss,Underweight,cardio,1,walking,0,0,15,none,0,0,0,none,0,0,0
37,Female,Weight Loss,Obese,pull,1,lat pulldown,3,13,0,seated row,4,13,0,face pulls,3,15,0
50,Male,Muscle Gain,Underweight,pull,5,deadlifts,5,10,0,muscle-ups,5,7,0,weighted pullups,4,12,0
42,Female,Maintain Fitness,Obese,pull,1,face pulls,3,8,0,seated row,3,9,0,lat pulldown,4,9,0
70,Male,Muscle Gain,Obese,push,1,pushups,5,10,0,shoulder press (machine),5,10,0,bench press (machine),5,8,0
29,Female,Weight Loss,Underweight,legs,1,bodyweight squats,3,13,0,step-ups,3,12,0,leg press,4,15,0
24,Male,Muscle Gain,Overweight,push,1,pushups,5,9,0,shoulder press (machine),4,9,0,bench press (machine),4,12,0
57,Female,Maintain Fitness,Underweight,push,1,shoulder press (machine),4,9,0,bench press (machine),4,11,0,pushups,3,8,0
19,Female,Weight Loss,Underweight,push,5,overhead press,3,13,0,incline bench press,3,14,0,weighted dips,4,12,0
65,Male,Muscle Gain,Underweight,legs,1,bodyweight squats,5,12,0,leg press,4,7,0,step-ups,4,6,0
60,Male,Muscle Gain,Normal,cardio,1,walking,0,0,23,none,0,0,0,none,0,0,0
57,Male,Maintain Fitness,Normal,push,1,shoulder press (machine),3,10,0,pushups,4,10,0,bench press (machine),4,12,0
35,Male,Weight Loss,Underweight,pull,3,pullups (assisted),4,13,0,chin-ups,4,13,0,barbell rows,4,13,0
42,Female,Muscle Gain,Obese,pull,1,lat pulldown,4,7,0,seated row,5,9,0,face pulls,4,11,0
57,Male,Weight Loss,Underweight,cardio,1,elliptical,0,0,24,none,0,0,0,none,0,0,0
36,Female,Weight Loss,Overweight,legs,1,leg press,3,14,0,step-ups,3,15,0,bodyweight squats,4,15,0
67,Female,Muscle Gain,Overweight,legs,1,bodyweight squats,4,9,0,leg press,4,9,0,step-ups,5,12,0
33,Female,Weight Loss,Underweight,push,3,dumbbell press,4,12,0,dips,4,15,0,bench press (barbell),4,14,0
43,Female,Maintain Fitness,Normal,cardio,3,jogging,0,0,38,none,0,0,0,none,0,0,0
38,Female,Muscle Gain,Overweight,legs,1,step-ups,5,10,0,leg press,4,9,0,bodyweight squats,4,8,0
30,Female,Weight Loss,Normal,cardio,1,elliptical,0,0,37,none,0,0,0,none,0,0,0
19,Female,Maintain Fitness,Obese,legs,1,leg press,4,9,0,bodyweight squats,3,12,0,step-ups,4,9,0
32,Female,Muscle Gain,Overweight,pull,1,lat pulldown,4,9,0,seated row,4,7,0,face pulls,4,12,0
23,Male,Weight Loss,Underweight,cardio,1,walking,0,0,25,none,0,0,0,none,0,0,0
61,Male,Muscle Gain,Overweight,cardio,1,elliptical,0,0,30,none,0,0,0,none,0,0,0
56,Female,Maintain Fitness,Obese,legs,1,step-ups,4,9,0,leg press,3,10,0,bodyweight squats,4,12,0
62,Female,Muscle Gain,Overweight,legs,1,step-ups,5,6,0,leg press,4,12,0,bodyweight squats,5,12,0
22,Male,Weight Loss,Obese,legs,1,step-ups,3,13,0,bodyweight squats,4,13,0,leg press,3,15,0
23,Male,Maintain Fitness,Underweight,legs,1,bodyweight squats,4,12,0,leg press,4,8,0,step-ups,4,10,0
27,Female,Weight Loss,Normal,cardio,5,HIIT,0,0,40,none,0,0,0,none,0,0,0
55,Male,Muscle Gain,Underweight,legs,1,step-ups,5,12,0,bodyweight squats,5,12,0,leg press,4,8,0
66,Male,Weight Loss,Obese,legs,1,leg press,3,13,0,step-ups,4,15,0,bodyweight squats,4,15,0
49,Male,Maintain Fitness,Obese,push,1,pushups,3,11,0,bench press (machine),4,8,0,shoulder press (machine),3,10,0
26,Male,Maintain Fitness,Underweight,cardio,5,sprints,0,0,25,none,0,0,0,none,0,0,0
60,Male,Maintain Fitness,Underweight,pull,1,seated row,3,12,0,lat pulldown,4,11,0,face pulls,4,8,0
56,Male,Maintain Fitness,Obese,legs,1,bodyweight squats,3,12,0,step-ups,3,8,0,leg press,4,11,0
42,Male,Maintain Fitness,Obese,push,1,shoulder press (machine),4,8,0,bench press (machine),4,8,0,pushups,3,11,0
53,Male,Weight Loss,Underweight,push,1,bench press (machine),4,12,0,shoulder press (machine),4,13,0,pushups,3,15,0
68,Male,Muscle Gain,Overweight,push,1,bench press (machine),4,7,0,shoulder press (machine),5,12,0,pushups,5,10,0
23,Female,Weight Loss,Obese,push,1,bench press (machine),4,12,0,shoulder press (machine),3,15,0,pushups,4,12,0
67,Male,Weight Loss,Normal,pull,1,lat pulldown,3,13,0,face pulls,3,15,0,seated row,4,12,0
39,Female,Muscle Gain,Obese,pull,1,seated row,4,10,0,lat pulldown,5,12,0,face pulls,5,11,0
30,Female,Muscle Gain,Normal,pull,5,muscle-ups,5,9,0,weighted pullups,5,11,0,deadlifts,4,11,0
55,Male,Muscle Gain,Underweight,pull,1,face pulls,5,6,0,lat pulldown,5,12,0,seated row,4,8,0
37,Male,Weight Loss,Overweight,legs,1,bodyweight squats,4,15,0,step-ups,3,12,0,leg press,3,13,0
53,Male,Weight Loss,Overweight,cardio,1,walking,0,0,28,none,0,0,0,none,0,0,0
32,Male,Maintain Fitness,Obese,pull,1,lat pulldown,3,11,0,seated row,3,10,0,face pulls,3,11,0
40,Male,Muscle Gain,Underweight,legs,5,front squats,4,10,0,bulgarian split squats,5,6,0,deadlifts,5,11,0
65,Male,Muscle Gain,Underweight,push,1,bench press (machine),4,12,0,pushups,5,7,0,shoulder press (machine),5,12,0
43,Male,Muscle Gain,Normal,push,3,dips,4,12,0,bench press (barbell),5,11,0,dumbbell press,5,10,0
20,Female,Weight Loss,Normal,pull,1,lat pulldown,3,13,0,face pulls,4,14,0,seated row,4,15,0
42,Male,Muscle Gain,Normal,push,5,weighted dips,5,7,0,incline bench press,4,11,0,overhead press,4,8,0
69,Female,Weight Loss,Underweight,cardio,1,light cycling,0,0,35,none,0,0,0,none,0,0,0
44,Male,Muscle Gain,Obese,pull,1,face pulls,5,6,0,lat pulldown,5,9,0,seated row,5,12,0
39,Male,Muscle Gain,Normal,push,5,incline bench press,5,11,0,overhead press,4,6,0,weighted dips,5,12,0
70,Male,Weight Loss,Overweight,legs,1,step-ups,3,14,0,bodyweight squats,4,12,0,leg press,3,13,0
30,Male,Maintain Fitness,Overweight,legs,1,step-ups,3,9,0,leg press,4,10,0,bodyweight squats,3,9,0
39,Female,Maintain Fitness,Overweight,legs,1,leg press,3,8,0,step-ups,3,12,0,bodyweight squats,4,10,0
51,Female,Weight Loss,Obese,cardio,1,walking,0,0,42,none,0,0,0,none,0,0,0
68,Male,Maintain Fitness,Obese,pull,1,lat pulldown,4,11,0,face pulls,3,10,0,seated row,3,10,0
58,Female,Weight Loss,Overweight,pull,1,seated row,4,13,0,face pulls,3,15,0,lat pulldown,3,12,0
50,Female,Weight Loss,Overweight,legs,1,bodyweight squats,4,13,0,leg press,3,12,0,step-ups,3,14,0
58,Female,Muscle Gain,Overweight,cardio,1,elliptical,0,0,20,none,0,0,0,none,0,0,0
59,Male,Maintain Fitness,Underweight,legs,1,bodyweight squats,3,11,0,step-ups,4,12,0,leg press,4,8,0
52,Male,Maintain Fitness,Normal,pull,1,face pulls,4,10,0,lat pulldown,3,10,0,seated row,3,11,0
65,Male,Weight Loss,Overweight,pull,1,lat pulldown,3,14,0,seated row,3,12,0,face pulls,3,14,0
49,Female,Maintain Fitness,Obese,push,1,bench press (machine),3,8,0,pushups,3,8,0,shoulder press (machine),3,9,0
36,Male,Weight Loss,Overweight,legs,1,step-ups,4,13,0,bodyweight squats,3,12,0,leg press,4,13,0
47,Male,Muscle Gain,Normal,pull,1,lat pulldown,5,8,0,face pulls,5,9,0,seated row,4,10,0
46,Male,Weight Loss,Overweight,cardio,1,elliptical,0,0,25,none,0,0,0,none,0,0,0
68,Male,Maintain Fitness,Normal,push,1,bench press (machine),4,11,0,pushups,4,12,0,shoulder press (machine),3,8,0
27,Male,Muscle Gain,Overweight,push,1,bench press (machine),4,9,0,shoulder press (machine),5,9,0,pushups,4,11,0
51,Female,Muscle Gain,Obese,pull,1,face pulls,4,8,0,seated row,5,11,0,lat pulldown,4,8,0
37,Male,Muscle Gain,Normal,legs,5,bulgarian split squats,5,10,0,front squats,4,7,0,deadlifts,4,11,0
25,Male,Weight Loss,Overweight,push,1,shoulder press (machine),3,12,0,bench press (machine),3,14,0,pushups,3,12,0
65,Female,Maintain Fitness,Normal,pull,1,seated row,4,8,0,lat pulldown,3,10,0,face pulls,4,10,0
38,Female,Muscle Gain,Underweight,cardio,1,walking,0,0,35,none,0,0,0,none,0,0,0
59,Male,Muscle Gain,Overweight,push,1,shoulder press (machine),4,8,0,pushups,5,9,0,bench press (machine),4,6,0
19,Male,Weight Loss,Obese,legs,1,step-ups,3,15,0,leg press,3,13,0,bodyweight squats,4,12,0
62,Female,Muscle Gain,Underweight,legs,1,step-ups,5,11,0,leg press,4,9,0,bodyweight squats,5,11,0
42,Male,Weight Loss,Obese,pull,1,seated row,3,14,0,lat pulldown,4,12,0,face pulls,3,12,0
28,Male,Weight Loss,Obese,legs,1,leg press,4,13,0,bodyweight squats,4,13,0,step-ups,3,15,0
63,Female,Maintain Fitness,Overweight,legs,1,step-ups,4,9,0,bodyweight squats,3,11,0,leg press,3,10,0
51,Male,Muscle Gain,Obese,pull,1,seated row,5,7,0,lat pulldown,4,9,0,face pulls,5,9,0
56,Female,Muscle Gain,Overweight,push,1,pushups,5,8,0,bench press (machine),5,6,0,shoulder press (machine),4,10,0
26,Female,Weight Loss,Overweight,pull,1,face pulls,4,14,0,lat pulldown,4,15,0,seated row,3,14,0
24,Female,Weight Loss,Underweight,legs,5,deadlifts,4,12,0,front squats,4,13,0,bulgarian split squats,4,15,0
41,Female,Muscle Gain,Normal,push,3,dips,4,11,0,bench press (barbell),5,7,0,dumbbell press,5,8,0
45,Male,Weight Loss,Overweight,legs,1,bodyweight squats,4,12,0,step-ups,4,13,0,leg press,3,12,0
67,Male,Maintain Fitness,Underweight,legs,1,step-ups,3,8,0,bodyweight squats,3,9,0,leg press,4,8,0
64,Female,Muscle Gain,Overweight,push,1,pushups,4,12,0,bench press (machine),4,8,0,shoulder press (machine),4,12,0
18,Female,Weight Loss,Underweight,pull,1,face pulls,4,14,0,seated row,3,15,0,lat pulldown,4,15,0
68,Male,Weight Loss,Normal,push,1,pushups,4,15,0,bench press (machine),4,13,0,shoulder press (machine),4,12,0
70,Male,Weight Loss,Overweight,push,1,bench press (machine),3,12,0,pushups,3,14,0,shoulder press (machine),3,15,0
35,Female,Weight Loss,Underweight,push,3,bench press (barbell),3,15,0,dumbbell press,3,15,0,dips,4,13,0
37,Male,Weight Loss,Normal,cardio,5,HIIT,0,0,16,none,0,0,0,none,0,0,0
26,Male,Weight Loss,Overweight,legs,1,step-ups,4,13,0,leg press,3,13,0,bodyweight squats,4,15,0
64,Male,Maintain Fitness,Overweight,pull,1,seated row,3,11,0,lat pulldown,4,10,0,face pulls,3,8,0
29,Male,Muscle Gain,Underweight,push,1,shoulder press (machine),5,7,0,bench press (machine),4,11,0,pushups,4,6,0
32,Female,Muscle Gain,Normal,legs,3,leg curls,4,8,0,barbell squats,5,8,0,lunges,5,8,0
49,Female,Muscle Gain,Obese,pull,1,lat pulldown,4,8,0,seated row,5,6,0,face pulls,4,12,0
59,Female,Muscle Gain,Underweight,pull,1,lat pulldown,4,12,0,seated row,4,10,0,face pulls,4,11,0
62,Male,Weight Loss,Normal,cardio,1,walking,0,0,30,none,0,0,0,none,0,0,0
60,Male,Weight Loss,Normal,cardio,1,light cycling,0,0,25,none,0,0,0,none,0,0,0
32,Female,Maintain Fitness,Obese,legs,1,step-ups,3,8,0,bodyweight squats,4,11,0,leg press,4,8,0
50,Male,Muscle Gain,Obese,pull,1,lat pulldown,4,10,0,face pulls,4,8,0,seated row,5,9,0
66,Female,Muscle Gain,Obese,pull,1,face pulls,5,7,0,seated row,4,7,0,lat pulldown,5,8,0
32,Female,Maintain Fitness,Underweight,push,5,weighted dips,3,9,0,incline bench press,3,12,0,overhead press,3,8,0
54,Female,Weight Loss,Normal,push,1,pushups,4,15,0,shoulder press (machine),4,12,0,bench press (machine),3,12,0
24,Female,Maintain Fitness,Underweight,cardio,5,sprints,0,0,41,none,0,0,0,none,0,0,0
63,Male,Weight Loss,Obese,pull,1,face pulls,4,12,0,lat pulldown,3,13,0,seated row,4,13,0
65,Male,Maintain Fitness,Overweight,pull,1,face pulls,3,11,0,seated row,3,11,0,lat pulldown,3,11,0
58,Female,Muscle Gain,Normal,pull,1,seated row,5,11,0,lat pulldown,5,11,0,face pulls,5,11,0
25,Female,Weight Loss,Obese,push,1,pushups,3,13,0,bench press (machine),3,13,0,shoulder press (machine),3,15,0
70,Female,Maintain Fitness,Underweight,cardio,1,light cycling,0,0,15,none,0,0,0,none,0,0,0
33,Male,Weight Loss,Normal,push,1,bench press (machine),4,13,0,pushups,4,15,0,shoulder press (machine),3,12,0
32,Female,Weight Loss,Underweight,legs,1,leg press,3,14,0,step-ups,4,14,0,bodyweight squats,3,13,0
60,Male,Maintain Fitness,Underweight,cardio,1,light cycling,0,0,36,none,0,0,0,none,0,0,0
60,Male,Muscle Gain,Obese,cardio,1,elliptical,0,0,29,none,0,0,0,none,0,0,0
26,Male,Weight Loss,Obese,push,1,shoulder press (machine),3,13,0,pushups,3,12,0,bench press (machine),4,12,0
33,Male,Muscle Gain,Obese,push,1,shoulder press (machine),5,8,0,pushups,5,12,0,bench press (machine),5,10,0
42,Male,Maintain Fitness,Underweight,pull,3,chin-ups,3,11,0,pullups (assisted),3,11,0,barbell rows,3,10,0
63,Male,Weight Loss,Overweight,push,1,shoulder press (machine),3,13,0,pushups,3,15,0,bench press (machine),4,15,0
50,Female,Weight Loss,Underweight,push,5,overhead press,3,14,0,weighted dips,4,13,0,incline bench press,3,12,0
69,Female,Maintain Fitness,Overweight,push,1,bench press (machine),3,10,0,shoulder press (machine),3,8,0,pushups,3,11,0
38,Female,Maintain Fitness,Normal,pull,5,deadlifts,3,10,0,muscle-ups,4,10,0,weighted pullups,4,11,0
65,Female,Weight Loss,Underweight,legs,1,bodyweight squats,3,14,0,step-ups,3,15,0,leg press,4,14,0
37,Male,Maintain Fitness,Overweight,push,1,bench press (machine),4,12,0,shoulder press (machine),3,12,0,pushups,3,10,0
20,Female,Maintain Fitness,Obese,push,1,pushups,3,8,0,bench press (machine),4,10,0,shoulder press (machine),4,8,0
68,Male,Maintain Fitness,Normal,pull,1,lat pulldown,3,8,0,face pulls,4,12,0,seated row,4,9,0
60,Male,Maintain Fitness,Underweight,pull,1,seated row,3,8,0,face pulls,4,10,0,lat pulldown,4,8,0
41,Male,Weight Loss,Underweight,pull,5,weighted pullups,4,13,0,deadlifts,3,14,0,muscle-ups,3,12,0
59,Male,Weight Loss,Underweight,legs,1,leg press,4,14,0,step-ups,3,15,0,bodyweight squats,4,13,0
32,Male,Muscle Gain,Overweight,pull,1,seated row,4,10,0,face pulls,5,10,0,lat pulldown,4,8,0
28,Female,Weight Loss,Normal,push,5,incline bench press,4,13,0,weighted dips,3,13,0,overhead press,3,12,0
44,Female,Maintain Fitness,Obese,push,1,pushups,3,8,0,bench press (machine),3,10,0,shoulder press (machine),3,8,0
36,Male,Muscle Gain,Obese,push,1,pushups,4,11,0,bench press (machine),5,11,0,shoulder press (machine),5,10,0
30,Female,Maintain Fitness,Overweight,legs,1,leg press,4,11,0,step-ups,4,9,0,bodyweight squats,3,12,0
53,Female,Muscle Gain,Overweight,cardio,1,walking,0,0,19,none,0,0,0,none,0,0,0
40,Female,Weight Loss,Normal,legs,3,lunges,4,15,0,barbell squats,4,14,0,leg curls,4,13,0
22,Female,Weight Loss,Normal,push,3,dips,3,13,0,bench press (barbell),3,12,0,dumbbell press,3,12,0
55,Male,Maintain Fitness,Underweight,cardio,1,light cycling,0,0,25,none,0,0,0,none,0,0,0
30,Female,Maintain Fitness,Obese,legs,1,leg press,4,10,0,bodyweight squats,3,9,0,step-ups,3,10,0
39,Male,Maintain Fitness,Underweight,push,5,weighted dips,3,10,0,overhead press,3,10,0,incline bench press,4,10,0
40,Female,Muscle Gain,Underweight,pull,1,face pulls,4,12,0,seated row,4,12,0,lat pulldown,5,9,0
49,Female,Maintain Fitness,Normal,cardio,5,stair climbing,0,0,19,none,0,0,0,none,0,0,0
57,Male,Maintain Fitness,Underweight,push,1,bench press (machine),4,9,0,shoulder press (machine),3,12,0,pushups,4,12,0
62,Male,Muscle Gain,Overweight,push,1,shoulder press (machine),4,10,0,bench press (machine),5,9,0,pushups,5,11,0
54,Male,Maintain Fitness,Overweight,push,1,shoulder press (machine),3,10,0,pushups,4,12,0,bench press (machine),4,11,0
46,Female,Maintain Fitness,Obese,pull,1,lat pulldown,4,8,0,face pulls,3,8,0,seated row,3,8,0
58,Male,Maintain Fitness,Overweight,cardio,1,walking,0,0,17,none,0,0,0,none,0,0,0
21,Male,Muscle Gain,Underweight,legs,5,deadlifts,4,11,0,bulgarian split squats,4,8,0,front squats,4,12,0
65,Male,Muscle Gain,Obese,pull,1,face pulls,5,11,0,lat pulldown,5,7,0,seated row,5,11,0
60,Female,Muscle Gain,Normal,pull,1,lat pulldown,5,12,0,seated row,5,9,0,face pulls,4,8,0
48,Female,Weight Loss,Underweight,pull,1,lat pulldown,4,15,0,face pulls,3,12,0,seated row,3,12,0
41,Female,Maintain Fitness,Underweight,pull,5,muscle-ups,4,12,0,deadlifts,3,11,0,weighted pullups,4,11,0
64,Male,Weight Loss,Obese,push,1,shoulder press (machine),4,14,0,bench press (machine),4,12,0,pushups,3,14,0
20,Female,Weight Loss,Underweight,pull,1,lat pulldown,4,15,0,face pulls,4,14,0,seated row,3,15,0
47,Female,Maintain Fitness,Obese,cardio,1,elliptical,0,0,21,none,0,0,0,none,0,0,0
44,Male,Maintain Fitness,Normal,legs,3,lunges,4,9,0,leg curls,4,8,0,barbell squats,4,9,0
67,Male,Weight Loss,Obese,cardio,1,elliptical,0,0,15,none,0,0,0,none,0,0,0
24,Female,Maintain Fitness,Obese,legs,1,step-ups,3,9,0,leg press,3,10,0,bodyweight squats,3,10,0
45,Female,Weight Loss,Obese,cardio,1,walking,0,0,38,none,0,0,0,none,0,0,0
19,Female,Maintain Fitness,Underweight,legs,3,lunges,4,12,0,barbell squats,4,8,0,leg curls,3,10,0
65,Male,Weight Loss,Normal,pull,1,seated row,4,13,0,face pulls,4,13,0,lat pulldown,3,12,0
67,Female,Muscle Gain,Underweight,legs,1,bodyweight squats,5,8,0,leg press,5,9,0,step-ups,4,6,0
22,Female,Maintain Fitness,Underweight,pull,1,seated row,3,9,0,lat pulldown,4,12,0,face pulls,3,12,0
20,Female,Muscle Gain,Normal,cardio,5,stair climbing,0,0,38,none,0,0,0,none,0,0,0
45,Male,Maintain Fitness,Overweight,pull,1,seated row,4,8,0,lat pulldown,4,8,0,face pulls,3,9,0
19,Female,Maintain Fitness,Obese,cardio,1,light cycling,0,0,23,none,0,0,0,none,0,0,0
27,Male,Weight Loss,Normal,legs,1,step-ups,4,15,0,leg press,4,13,0,bodyweight squats,3,13,0
47,Female,Maintain Fitness,Obese,cardio,1,elliptical,0,0,42,none,0,0,0,none,0,0,0
56,Female,Maintain Fitness,Normal,legs,1,step-ups,3,11,0,leg press,4,10,0,bodyweight squats,3,10,0
57,Female,Maintain Fitness,Underweight,pull,1,seated row,3,11,0,lat pulldown,3,8,0,face pulls,4,10,0
69,Female,Muscle Gain,Normal,pull,1,face pulls,5,8,0,lat pulldown,5,12,0,seated row,4,11,0
47,Female,Muscle Gain,Underweight,pull,3,pullups (assisted),4,7,0,barbell rows,4,11,0,chin-ups,4,9,0
48,Female,Weight Loss,Underweight,pull,5,deadlifts,3,12,0,weighted pullups,3,13,0,muscle-ups,4,13,0
30,Male,Weight Loss,Underweight,pull,3,chin-ups,4,13,0,barbell rows,4,15,0,pullups (assisted),3,13,0
50,Female,Muscle Gain,Normal,legs,1,bodyweight squats,5,12,0,step-ups,4,10,0,leg press,5,8,0
59,Female,Muscle Gain,Obese,cardio,1,walking,0,0,45,none,0,0,0,none,0,0,0
55,Female,Weight Loss,Normal,push,1,pushups,4,14,0,bench press (machine),4,13,0,shoulder press (machine),3,14,0
54,Female,Muscle Gain,Normal,push,1,bench press (machine),4,11,0,shoulder press (machine),5,7,0,pushups,5,6,0
23,Female,Maintain Fitness,Obese,pull,1,seated row,3,9,0,lat pulldown,3,9,0,face pulls,4,12,0
45,Female,Maintain Fitness,Overweight,push,1,shoulder press (machine),4,11,0,bench press (machine),4,10,0,pushups,3,9,0
57,Male,Weight Loss,Underweight,cardio,1,walking,0,0,43,none,0,0,0,none,0,0,0
45,Female,Maintain Fitness,Overweight,pull,1,face pulls,3,8,0,lat pulldown,4,9,0,seated row,4,11,0
70,Female,Maintain Fitness,Obese,push,1,pushups,3,10,0,shoulder press (machine),3,9,0,bench press (machine),3,12,0
32,Female,Maintain Fitness,Overweight,push,1,pushups,4,10,0,shoulder press (machine),3,9,0,bench press (machine),4,12,0
29,Male,Muscle Gain,Overweight,pull,1,face pulls,5,7,0,seated row,5,8,0,lat pulldown,4,8,0
31,Male,Muscle Gain,Underweight,legs,1,step-ups,5,10,0,leg press,5,6,0,bodyweight squats,5,11,0
44,Female,Weight Loss,Normal,pull,1,lat pulldown,4,15,0,face pulls,3,13,0,seated row,4,12,0
45,Male,Muscle Gain,Overweight,cardio,1,walking,0,0,40,none,0,0,0,none,0,0,0
53,Female,Maintain Fitness,Normal,pull,1,lat pulldown,4,8,0,face pulls,4,12,0,seated row,3,8,0
20,Female,Weight Loss,Obese,push,1,pushups,3,12,0,bench press (machine),4,15,0,shoulder press (machine),4,12,0
40,Male,Muscle Gain,Obese,legs,1,step-ups,5,6,0,bodyweight squats,5,11,0,leg press,5,11,0
64,Female,Muscle Gain,Underweight,cardio,1,walking,0,0,37,none,0,0,0,none,0,0,0
57,Male,Muscle Gain,Overweight,pull,1,lat pulldown,4,10,0,seated row,5,7,0,face pulls,4,9,0
64,Female,Weight Loss,Obese,legs,1,step-ups,3,12,0,leg press,3,13,0,bodyweight squats,4,13,0
23,Female,Maintain Fitness,Overweight,pull,1,lat pulldown,4,10,0,face pulls,4,11,0,seated row,4,8,0
25,Female,Muscle Gain,Overweight,pull,1,lat pulldown,5,12,0,seated row,4,10,0,face pulls,4,8,0
20,Male,Muscle Gain,Underweight,cardio,5,sprints,0,0,37,none,0,0,0,none,0,0,0
29,Male,Weight Loss,Overweight,legs,1,leg press,4,12,0,bodyweight squats,3,13,0,step-ups,4,13,0
22,Female,Muscle Gain,Underweight,pull,5,muscle-ups,4,6,0,deadlifts,4,10,0,weighted pullups,4,10,0
32,Female,Muscle Gain,Overweight,cardio,1,elliptical,0,0,41,none,0,0,0,none,0,0,0
61,Male,Weight Loss,Underweight,legs,1,step-ups,4,12,0,bodyweight squats,4,14,0,leg press,4,12,0
30,Female,Weight Loss,Normal,legs,3,lunges,3,12,0,barbell squats,3,13,0,leg curls,3,13,0
59,Female,Maintain Fitness,Underweight,push,1,shoulder press (machine),4,12,0,bench press (machine),4,10,0,pushups,4,12,0
34,Male,Maintain Fitness,Underweight,legs,5,bulgarian split squats,3,11,0,deadlifts,4,8,0,front squats,4,9,0
25,Female,Maintain Fitness,Overweight,legs,1,bodyweight squats,3,10,0,step-ups,4,12,0,leg press,4,9,0
52,Female,Maintain Fitness,Obese,push,1,bench press (machine),3,12,0,pushups,3,12,0,shoulder press (machine),4,10,0
65,Male,Weight Loss,Underweight,legs,1,leg press,3,12,0,bodyweight squats,3,14,0,step-ups,4,12,0
66,Male,Maintain Fitness,Underweight,push,1,pushups,3,8,0,bench press (machine),3,10,0,shoulder press (machine),3,10,0
64,Female,Maintain Fitness,Normal,cardio,1,light cycling,0,0,44,none,0,0,0,none,0,0,0
18,Male,Maintain Fitness,Underweight,legs,3,leg curls,4,11,0,lunges,3,9,0,barbell squats,4,11,0
37,Male,Weight Loss,Overweight,push,1,shoulder press (machine),3,13,0,bench press (machine),4,14,0,pushups,4,12,0
49,Male,Maintain Fitness,Obese,push,1,shoulder press (machine),4,11,0,pushups,4,10,0,bench press (machine),4,10,0
23,Female,Muscle Gain,Normal,push,5,incline bench press,4,9,0,overhead press,5,9,0,weighted dips,5,10,0
35,Male,Muscle Gain,Obese,pull,1,face pulls,4,11,0,seated row,4,6,0,lat pulldown,4,6,0
59,Male,Weight Loss,Obese,cardio,1,walking,0,0,35,none,0,0,0,none,0,0,0
57,Female,Weight Loss,Underweight,push,1,shoulder press (machine),4,15,0,pushups,4,12,0,bench press (machine),4,12,0
56,Female,Muscle Gain,Underweight,legs,1,leg press,4,9,0,bodyweight squats,4,10,0,step-ups,5,12,0
50,Male,Maintain Fitness,Obese,cardio,1,walking,0,0,22,none,0,0,0,none,0,0,0
39,Male,Maintain Fitness,Obese,pull,1,seated row,4,12,0,face pulls,3,8,0,lat pulldown,4,10,0
67,Male,Maintain Fitness,Obese,push,1,bench press (machine),3,9,0,pushups,4,12,0,shoulder press (machine),3,10,0
67,Female,Muscle Gain,Obese,pull,1,face pulls,5,6,0,seated row,4,8,0,lat pulldown,4,7,0
34,Male,Weight Loss,Underweight,push,3,dumbbell press,3,14,0,bench press (barbell),4,15,0,dips,3,14,0
37,Female,Maintain Fitness,Underweight,cardio,5,sprints,0,0,32,none,0,0,0,none,0,0,0
31,Male,Maintain Fitness,Normal,legs,3,barbell squats,3,8,0,lunges,3,11,0,leg curls,4,9,0
61,Male,Maintain Fitness,Overweight,push,1,bench press (machine),4,8,0,shoulder press (machine),4,9,0,pushups,3,11,0
33,Male,Weight Loss,Obese,push,1,pushups,4,13,0,bench press (machine),4,15,0,shoulder press (machine),3,14,0
57,Female,Muscle Gain,Underweight,push,1,bench press (machine),5,8,0,pushups,4,9,0,shoulder press (machine),5,7,0
34,Female,Maintain Fitness,Normal,legs,3,barbell squats,3,9,0,lunges,4,11,0,leg curls,4,9,0
63,Female,Muscle Gain,Obese,cardio,1,light cycling,0,0,27,none,0,0,0,none,0,0,0
60,Male,Weight Loss,Underweight,pull,1,lat pulldown,3,14,0,face pulls,4,13,0,seated row,4,15,0
46,Female,Weight Loss,Normal,cardio,1,light cycling,0,0,42,none,0,0,0,none,0,0,0
64,Female,Weight Loss,Underweight,legs,1,step-ups,4,15,0,bodyweight squats,4,12,0,leg press,3,13,0
47,Male,Muscle Gain,Underweight,cardio,3,cycling,0,0,36,none,0,0,0,none,0,0,0
64,Male,Muscle Gain,Normal,legs,1,bodyweight squats,5,11,0,leg press,5,8,0,step-ups,5,12,0
28,Male,Muscle Gain,Normal,cardio,3,cycling,0,0,15,none,0,0,0,none,0,0,0
40,Male,Weight Loss,Overweight,legs,1,leg press,3,15,0,step-ups,3,15,0,bodyweight squats,3,12,0
60,Male,Muscle Gain,Overweight,legs,1,bodyweight squats,4,12,0,step-ups,5,6,0,leg press,4,8,0
40,Female,Weight Loss,Obese,pull,1,seated row,3,15,0,face pulls,3,12,0,lat pulldown,4,12,0
68,Male,Maintain Fitness,Normal,pull,1,face pulls,3,12,0,lat pulldown,4,9,0,seated row,3,12,0
47,Female,Muscle Gain,Obese,push,1,shoulder press (machine),5,10,0,pushups,4,12,0,bench press (machine),5,11,0
31,Male,Muscle Gain,Obese,legs,1,leg press,5,8,0,step-ups,5,10,0,bodyweight squats,5,10,0
51,Female,Maintain Fitness,Overweight,legs,1,leg press,3,10,0,step-ups,3,11,0,bodyweight squats,3,8,0
39,Male,Weight Loss,Normal,legs,3,lunges,3,12,0,leg curls,3,14,0,barbell squats,4,15,0
23,Male,Muscle Gain,Underweight,cardio,5,HIIT,0,0,22,none,0,0,0,none,0,0,0
24,Female,Weight Loss,Obese,cardio,1,light cycling,0,0,43,none,0,0,0,none,0,0,0
55,Male,Maintain Fitness,Normal,push,1,shoulder press (machine),3,8,0,bench press (machine),4,11,0,pushups,4,10,0
61,Female,Muscle Gain,Normal,legs,1,step-ups,5,7,0,leg press,5,11,0,bodyweight squats,4,7,0
65,Male,Weight Loss,Underweight,pull,1,face pulls,3,14,0,seated row,3,13,0,lat pulldown,3,14,0
55,Male,Maintain Fitness,Underweight,push,1,pushups,4,8,0,bench press (machine),4,12,0,shoulder press (machine),4,12,0
44,Female,Weight Loss,Normal,pull,3,barbell rows,3,15,0,chin-ups,3,12,0,pullups (assisted),3,14,0
30,Female,Weight Loss,Overweight,cardio,1,elliptical,0,0,31,none,0,0,0,none,0,0,0
52,Male,Muscle Gain,Underweight,push,1,shoulder press (machine),4,12,0,bench press (machine),4,8,0,pushups,5,10,0
19,Female,Maintain Fitness,Obese,cardio,1,elliptical,0,0,41,none,0,0,0,none,0,0,0
38,Male,Muscle Gain,Underweight,cardio,3,cycling,0,0,24,none,0,0,0,none,0,0,0
56,Female,Muscle Gain,Overweight,cardio,1,elliptical,0,0,28,none,0,0,0,none,0,0,0
69,Female,Weight Loss,Normal,pull,1,face pulls,4,14,0,seated row,4,12,0,lat pulldown,3,15,0
48,Male,Maintain Fitness,Underweight,push,1,shoulder press (machine),4,8,0,bench press (machine),4,8,0,pushups,3,9,0
59,Male,Weight Loss,Obese,push,1,shoulder press (machine),4,15,0,bench press (machine),4,14,0,pushups,3,13,0
35,Male,Weight Loss,Underweight,cardio,3,cycling,0,0,30,none,0,0,0,none,0,0,0
25,Male,Weight Loss,Normal,push,1,pushups,3,15,0,bench press (machine),3,15,0,shoulder press (machine),3,14,0
52,Male,Maintain Fitness,Obese,legs,1,step-ups,4,11,0,leg press,3,9,0,bodyweight squats,4,11,0
24,Female,Muscle Gain,Normal,cardio,5,stair climbing,0,0,42,none,0,0,0,none,0,0,0
51,Female,Muscle Gain,Obese,cardio,1,light cycling,0,0,19,none,0,0,0,none,0,0,0
38,Female,Maintain Fitness,Obese,legs,1,step-ups,4,11,0,leg press,4,12,0,bodyweight squats,3,11,0
51,Female,Weight Loss,Overweight,legs,1,leg press,3,14,0,bodyweight squats,3,12,0,step-ups,3,14,0
56,Male,Weight Loss,Underweight,pull,1,seated row,3,15,0,face pulls,3,15,0,lat pulldown,4,13,0
45,Male,Maintain Fitness,Normal,pull,3,barbell rows,4,8,0,chin-ups,4,12,0,pullups (assisted),3,8,0
55,Female,Weight Loss,Underweight,legs,1,bodyweight squats,3,14,0,leg press,3,13,0,step-ups,3,13,0
38,Female,Muscle Gain,Obese,legs,1,bodyweight squats,4,12,0,step-ups,5,7,0,leg press,5,6,0
70,Male,Muscle Gain,Normal,pull,1,face pulls,4,7,0,lat pulldown,4,11,0,seated row,5,9,0
54,Male,Weight Loss,Overweight,pull,1,seated row,3,14,0,face pulls,4,14,0,lat pulldown,4,13,0
48,Male,Muscle Gain,Normal,push,1,shoulder press (machine),4,6,0,pushups,5,7,0,bench press (machine),4,6,0
62,Male,Maintain Fitness,Normal,cardio,1,walking,0,0,36,none,0,0,0,none,0,0,0
58,Male,Maintain Fitness,Obese,push,1,shoulder press (machine),4,8,0,bench press (machine),3,9,0,pushups,3,10,0
63,Male,Maintain Fitness,Obese,push,1,pushups,4,11,0,bench press (machine),4,11,0,shoulder press (machine),3,9,0
25,Female,Maintain Fitness,Obese,cardio,1,walking,0,0,35,none,0,0,0,none,0,0,0
39,Female,Muscle Gain,Underweight,pull,3,chin-ups,5,9,0,barbell rows,4,9,0,pullups (assisted),4,7,0
51,Female,Muscle Gain,Obese,push,1,bench press (machine),5,12,0,shoulder press (machine),4,9,0,pushups,4,12,0
33,Male,Maintain Fitness,Underweight,pull,5,muscle-ups,3,9,0,deadlifts,4,12,0,weighted pullups,4,8,0
30,Female,Weight Loss,Obese,push,1,bench press (machine),4,14,0,pushups,3,13,0,shoulder press (machine),3,13,0
22,Male,Weight Loss,Overweight,cardio,1,light cycling,0,0,24,none,0,0,0,none,0,0,0
30,Female,Maintain Fitness,Obese,legs,1,step-ups,4,11,0,bodyweight squats,3,10,0,leg press,3,12,0
28,Female,Weight Loss,Obese,push,1,pushups,3,13,0,bench press (machine),4,12,0,shoulder press (machine),3,15,0
64,Male,Maintain Fitness,Underweight,cardio,1,walking,0,0,21,none,0,0,0,none,0,0,0
41,Female,Weight Loss,Normal,cardio,3,swimming,0,0,43,none,0,0,0,none,0,0,0
65,Male,Weight Loss,Obese,cardio,1,walking,0,0,40,none,0,0,0,none,0,0,0
45,Female,Maintain Fitness,Underweight,legs,5,bulgarian split squats,4,9,0,deadlifts,3,12,0,front squats,3,12,0
36,Male,Muscle Gain,Normal,push,5,incline bench press,5,9,0,overhead press,4,7,0,weighted dips,5,8,0
56,Female,Muscle Gain,Normal,pull,1,lat pulldown,4,6,0,seated row,4,11,0,face pulls,4,6,0
33,Male,Maintain Fitness,Overweight,push,1,shoulder press (machine),3,8,0,pushups,3,12,0,bench press (machine),3,12,0
30,Male,Weight Loss,Normal,push,1,pushups,4,13,0,shoulder press (machine),3,13,0,bench press (machine),3,15,0
50,Male,Weight Loss,Underweight,push,5,incline bench press,4,12,0,weighted dips,4,15,0,overhead press,3,12,0
24,Female,Maintain Fitness,Normal,push,5,overhead press,3,8,0,weighted dips,4,9,0,incline bench press,3,11,0
52,Male,Muscle Gain,Normal,cardio,1,light cycling,0,0,35,none,0,0,0,none,0,0,0
53,Male,Weight Loss,Underweight,legs,1,bodyweight squats,4,12,0,leg press,4,13,0,step-ups,3,14,0
62,Male,Maintain Fitness,Underweight,pull,1,seated row,4,11,0,lat pulldown,3,9,0,face pulls,4,10,0
54,Female,Muscle Gain,Obese,push,1,bench press (machine),4,12,0,shoulder press (machine),5,11,0,pushups,4,9,0
32,Male,Maintain Fitness,Underweight,cardio,5,HIIT,0,0,23,none,0,0,0,none,0,0,0
31,Male,Weight Loss,Obese,legs,1,step-ups,4,12,0,bodyweight squats,3,15,0,leg press,3,14,0
40,Male,Weight Loss,Obese,cardio,1,elliptical,0,0,41,none,0,0,0,none,0,0,0
21,Female,Muscle Gain,Normal,push,5,weighted dips,5,6,0,incline bench press,5,12,0,overhead press,4,10,0
23,Male,Muscle Gain,Underweight,pull,5,muscle-ups,5,9,0,weighted pullups,5,12,0,deadlifts,5,7,0
33,Female,Maintain Fitness,Underweight,legs,1,step-ups,4,11,0,bodyweight squats,4,12,0,leg press,4,8,0
51,Female,Weight Loss,Overweight,legs,1,leg press,3,12,0,bodyweight squats,4,15,0,step-ups,4,15,0
68,Female,Weight Loss,Obese,legs,1,bodyweight squats,3,14,0,leg press,3,12,0,step-ups,3,15,0
65,Male,Maintain Fitness,Obese,push,1,shoulder press (machine),4,8,0,bench press (machine),4,8,0,pushups,4,10,0
56,Female,Maintain Fitness,Normal,cardio,1,elliptical,0,0,39,none,0,0,0,none,0,0,0
59,Female,Muscle Gain,Underweight,cardio,1,elliptical,0,0,23,none,0,0,0,none,0,0,0
68,Male,Muscle Gain,Obese,legs,1,bodyweight squats,4,11,0,step-ups,4,11,0,leg press,5,11,0
59,Female,Maintain Fitness,Normal,push,1,pushups,3,11,0,shoulder press (machine),4,9,0,bench press (machine),4,8,0
29,Female,Maintain Fitness,Overweight,pull,1,seated row,4,9,0,face pulls,4,10,0,lat pulldown,3,11,0
57,Male,Maintain Fitness,Obese,legs,1,bodyweight squats,3,8,0,step-ups,3,12,0,leg press,4,8,0
56,Male,Maintain Fitness,Overweight,cardio,1,light cycling,0,0,21,none,0,0,0,none,0,0,0
30,Male,Muscle Gain,Obese,legs,1,bodyweight squats,4,9,0,leg press,4,12,0,step-ups,5,10,0
22,Male,Maintain Fitness,Overweight,push,1,bench press (machine),4,11,0,shoulder press (machine),4,10,0,pushups,3,12,0
21,Male,Maintain Fitness,Underweight,cardio,5,stair climbing,0,0,22,none,0,0,0,none,0,0,0
30,Male,Weight Loss,Overweight,push,1,shoulder press (machine),4,14,0,bench press (machine),4,12,0,pushups,4,15,0
41,Female,Muscle Gain,Overweight,push,1,pushups,4,8,0,shoulder press (machine),4,10,0,bench press (machine),4,6,0
49,Female,Muscle Gain,Normal,legs,5,deadlifts,5,8,0,bulgarian split squats,4,8,0,front squats,5,6,0
57,Male,Maintain Fitness,Normal,push,1,shoulder press (machine),3,9,0,bench press (machine),3,9,0,pushups,3,12,0
39,Male,Maintain Fitness,Normal,push,5,overhead press,4,8,0,weighted dips,4,10,0,incline bench press,3,9,0
20,Female,Weight Loss,Underweight,cardio,1,elliptical,0,0,28,none,0,0,0,none,0,0,0
64,Male,Weight Loss,Underweight,push,1,shoulder press (machine),4,15,0,bench press (machine),4,12,0,pushups,3,14,0
51,Female,Maintain Fitness,Overweight,legs,1,bodyweight squats,3,8,0,step-ups,4,11,0,leg press,3,8,0
31,Female,Weight Loss,Obese,push,1,shoulder press (machine),3,13,0,pushups,3,12,0,bench press (machine),4,14,0
46,Male,Maintain Fitness,Obese,pull,1,face pulls,3,10,0,lat pulldown,4,11,0,seated row,3,9,0
59,Female,Weight Loss,Underweight,push,1,bench press (machine),3,14,0,pushups,4,12,0,shoulder press (machine),4,14,0
51,Male,Weight Loss,Underweight,legs,1,step-ups,3,15,0,bodyweight squats,3,13,0,leg press,4,14,0
49,Male,Muscle Gain,Normal,legs,5,deadlifts,4,7,0,front squats,4,8,0,bulgarian split squats,4,7,0
62,Male,Weight Loss,Underweight,push,1,pushups,4,13,0,shoulder press (machine),3,14,0,bench press (machine),4,14,0
67,Male,Maintain Fitness,Overweight,push,1,shoulder press (machine),4,11,0,pushups,3,8,0,bench press (machine),3,9,0
47,Male,Maintain Fitness,Obese,cardio,1,elliptical,0,0,40,none,0,0,0,none,0,0,0
26,Female,Maintain Fitness,Obese,push,1,shoulder press (machine),3,8,0,bench press (machine),3,9,0,pushups,3,9,0
62,Female,Muscle Gain,Normal,cardio,1,light cycling,0,0,45,none,0,0,0,none,0,0,0
57,Female,Weight Loss,Underweight,cardio,1,walking,0,0,32,none,0,0,0,none,0,0,0
37,Female,Weight Loss,Overweight,pull,1,lat pulldown,4,14,0,face pulls,4,12,0,seated row,3,15,0
61,Male,Muscle Gain,Normal,pull,1,face pulls,4,6,0,lat pulldown,4,9,0,seated row,4,11,0
30,Male,Maintain Fitness,Underweight,push,5,weighted dips,4,11,0,incline bench press,3,11,0,overhead press,4,12,0
35,Female,Muscle Gain,Underweight,cardio,3,cycling,0,0,33,none,0,0,0,none,0,0,0
54,Male,Maintain Fitness,Underweight,legs,1,bodyweight squats,3,11,0,step-ups,3,9,0,leg press,4,8,0
61,Female,Muscle Gain,Obese,pull,1,seated row,4,6,0,lat pulldown,4,7,0,face pulls,5,11,0
50,Female,Weight Loss,Underweight,pull,1,seated row,4,13,0,face pulls,4,15,0,lat pulldown,3,12,0
37,Female,Weight Loss,Underweight,pull,1,lat pulldown,4,14,0,seated row,4,12,0,face pulls,4,12,0
47,Female,Muscle Gain,Obese,push,1,pushups,5,11,0,bench press (machine),5,12,0,shoulder press (machine),5,10,0
28,Male,Maintain Fitness,Underweight,legs,1,leg press,3,12,0,bodyweight squats,3,12,0,step-ups,4,11,0
37,Female,Maintain Fitness,Obese,legs,1,bodyweight squats,4,12,0,step-ups,4,12,0,leg press,4,11,0
27,Female,Muscle Gain,Overweight,cardio,1,walking,0,0,45,none,0,0,0,none,0,0,0
69,Male,Weight Loss,Obese,push,1,shoulder press (machine),3,12,0,pushups,4,15,0,bench press (machine),4,14,0
26,Female,Muscle Gain,Normal,legs,5,deadlifts,5,7,0,front squats,4,9,0,bulgarian split squats,4,12,0
38,Female,Weight Loss,Underweight,cardio,1,walking,0,0,15,none,0,0,0,none,0,0,0
66,Female,Weight Loss,Normal,pull,1,face pulls,3,13,0,lat pulldown,3,14,0,seated row,3,12,0
48,Male,Muscle Gain,Overweight,cardio,1,light cycling,0,0,19,none,0,0,0,none,0,0,0
69,Male,Muscle Gain,Overweight,legs,1,step-ups,5,7,0,bodyweight squats,4,8,0,leg press,5,7,0
45,Female,Maintain Fitness,Obese,legs,1,bodyweight squats,4,12,0,step-ups,4,11,0,leg press,4,9,0
23,Male,Maintain Fitness,Underweight,legs,1,bodyweight squats,3,10,0,step-ups,3,8,0,leg press,4,11,0
64,Female,Weight Loss,Obese,push,1,pushups,3,14,0,shoulder press (machine),4,13,0,bench press (machine),4,12,0
46,Female,Weight Loss,Underweight,push,5,weighted dips,3,14,0,incline bench press,4,13,0,overhead press,3,13,0
63,Male,Weight Loss,Obese,cardio,1,light cycling,0,0,37,none,0,0,0,none,0,0,0
58,Female,Maintain Fitness,Overweight,pull,1,face pulls,4,12,0,lat pulldown,3,9,0,seated row,4,11,0
46,Male,Maintain Fitness,Obese,cardio,1,walking,0,0,40,none,0,0,0,none,0,0,0
39,Male,Maintain Fitness,Obese,push,1,shoulder press (machine),4,8,0,bench press (machine),4,9,0,pushups,3,10,0
25,Female,Muscle Gain,Overweight,pull,1,lat pulldown,4,9,0,seated row,4,12,0,face pulls,5,9,0
47,Female,Maintain Fitness,Normal,push,1,shoulder press (machine),4,12,0,bench press (machine),3,9,0,pushups,3,9,0
61,Male,Muscle Gain,Overweight,cardio,1,walking,0,0,27,none,0,0,0,none,0,0,0
49,Male,Maintain Fitness,Underweight,push,3,bench press (barbell),4,8,0,dumbbell press,3,8,0,dips,4,12,0
18,Male,Muscle Gain,Normal,push,5,weighted dips,4,10,0,overhead press,5,11,0,incline bench press,4,11,0
30,Female,Muscle Gain,Underweight,cardio,1,light cycling,0,0,20,none,0,0,0,none,0,0,0
41,Female,Maintain Fitness,Overweight,cardio,1,walking,0,0,41,none,0,0,0,none,0,0,0
46,Female,Maintain Fitness,Obese,legs,1,step-ups,4,8,0,bodyweight squats,3,10,0,leg press,4,9,0
51,Male,Muscle Gain,Obese,pull,1,seated row,5,9,0,face pulls,5,8,0,lat pulldown,4,7,0
62,Female,Muscle Gain,Normal,legs,1,step-ups,5,11,0,bodyweight squats,5,6,0,leg press,4,12,0
19,Male,Muscle Gain,Normal,pull,5,weighted pullups,4,12,0,muscle-ups,4,9,0,deadlifts,4,11,0
50,Male,Weight Loss,Obese,cardio,1,light cycling,0,0,29,none,0,0,0,none,0,0,0
24,Female,Weight Loss,Obese,pull,1,lat pulldown,3,12,0,face pulls,3,14,0,seated row,3,13,0
24,Female,Maintain Fitness,Underweight,push,5,incline bench press,3,8,0,weighted dips,3,9,0,overhead press,3,8,0
25,Male,Muscle Gain,Obese,push,1,shoulder press (machine),4,6,0,pushups,4,12,0,bench press (machine),4,6,0
57,Female,Muscle Gain,Normal,legs,1,step-ups,4,12,0,leg press,5,6,0,bodyweight squats,4,12,0
22,Male,Weight Loss,Obese,push,1,pushups,4,15,0,bench press (machine),4,12,0,shoulder press (machine),4,13,0
70,Male,Weight Loss,Normal,push,1,shoulder press (machine),4,12,0,pushups,4,12,0,bench press (machine),4,12,0
43,Female,Muscle Gain,Obese,legs,1,leg press,4,9,0,step-ups,5,12,0,bodyweight squats,4,12,0
22,Female,Muscle Gain,Overweight,push,1,shoulder press (machine),4,10,0,bench press (machine),5,8,0,pushups,4,10,0
32,Female,Maintain Fitness,Normal,pull,3,pullups (assisted),3,10,0,barbell rows,4,8,0,chin-ups,3,11,0
34,Male,Maintain Fitness,Normal,legs,3,barbell squats,4,10,0,leg curls,4,9,0,lunges,3,8,0
65,Male,Muscle Gain,Overweight,push,1,shoulder press (machine),4,12,0,pushups,4,11,0,bench press (machine),4,7,0
18,Male,Maintain Fitness,Overweight,legs,1,leg press,3,10,0,bodyweight squats,3,8,0,step-ups,4,8,0
30,Female,Weight Loss,Underweight,push,1,shoulder press (machine),3,15,0,bench press (machine),4,14,0,pushups,4,12,0
33,Female,Weight Loss,Underweight,push,3,bench press (barbell),4,13,0,dumbbell press,3,15,0,dips,3,13,0
58,Female,Weight Loss,Normal,cardio,1,elliptical,0,0,26,none,0,0,0,none,0,0,0
54,Female,Maintain Fitness,Underweight,push,1,pushups,3,11,0,shoulder press (machine),3,11,0,bench press (machine),3,12,0
37,Male,Maintain Fitness,Overweight,legs,1,bodyweight squats,4,10,0,leg press,3,11,0,step-ups,3,12,0
61,Male,Maintain Fitness,Underweight,legs,1,step-ups,3,10,0,leg press,3,8,0,bodyweight squats,4,11,0
26,Female,Weight Loss,Overweight,cardio,1,elliptical,0,0,23,none,0,0,0,none,0,0,0
61,Female,Muscle Gain,Normal,push,1,pushups,5,12,0,shoulder press (machine),5,12,0,bench press (machine),5,8,0
67,Male,Maintain Fitness,Overweight,push,1,shoulder press (machine),4,8,0,bench press (machine),4,8,0,pushups,4,12,0
20,Male,Muscle Gain,Normal,pull,5,muscle-ups,4,8,0,deadlifts,5,11,0,weighted pullups,4,11,0
66,Female,Maintain Fitness,Overweight,pull,1,seated row,3,8,0,face pulls,4,8,0,lat pulldown,4,11,0
24,Female,Muscle Gain,Overweight,push,1,shoulder press (machine),4,7,0,pushups,4,8,0,bench press (machine),5,7,0
24,Male,Weight Loss,Obese,cardio,1,elliptical,0,0,36,none,0,0,0,none,0,0,0
69,Male,Weight Loss,Underweight,push,1,bench press (machine),3,15,0,pushups,4,12,0,shoulder press (machine),3,12,0
46,Female,Maintain Fitness,Obese,push,1,bench press (machine),4,12,0,pushups,4,11,0,shoulder press (machine),3,12,0
42,Male,Weight Loss,Underweight,push,5,weighted dips,3,15,0,overhead press,3,14,0,incline bench press,4,15,0
31,Female,Weight Loss,Overweight,cardio,1,walking,0,0,19,none,0,0,0,none,0,0,0
65,Female,Maintain Fitness,Overweight,legs,1,leg press,3,9,0,bodyweight squats,3,10,0,step-ups,4,9,0
61,Male,Maintain Fitness,Obese,push,1,pushups,3,11,0,shoulder press (machine),3,8,0,bench press (machine),4,11,0
26,Female,Maintain Fitness,Normal,cardio,5,sprints,0,0,43,none,0,0,0,none,0,0,0
54,Male,Weight Loss,Underweight,pull,1,seated row,3,12,0,face pulls,4,12,0,lat pulldown,3,12,0
43,Female,Maintain Fitness,Overweight,pull,1,face pulls,4,11,0,lat pulldown,3,9,0,seated row,3,9,0
28,Male,Muscle Gain,Underweight,pull,5,deadlifts,5,8,0,muscle-ups,5,8,0,weighted pullups,4,8,0
18,Female,Muscle Gain,Normal,legs,5,deadlifts,4,12,0,front squats,5,12,0,bulgarian split squats,4,7,0
48,Male,Weight Loss,Normal,push,1,shoulder press (machine),4,12,0,bench press (machine),3,13,0,pushups,3,13,0
40,Female,Muscle Gain,Normal,legs,5,deadlifts,5,11,0,bulgarian split squats,5,8,0,front squats,5,6,0
24,Female,Maintain Fitness,Underweight,cardio,1,light cycling,0,0,31,none,0,0,0,none,0,0,0
53,Female,Weight Loss,Overweight,push,1,bench press (machine),4,15,0,shoulder press (machine),4,15,0,pushups,3,14,0
26,Male,Weight Loss,Underweight,pull,1,face pulls,3,12,0,lat pulldown,4,15,0,seated row,3,12,0
60,Female,Muscle Gain,Overweight,push,1,pushups,5,11,0,bench press (machine),4,11,0,shoulder press (machine),5,8,0
30,Male,Weight Loss,Normal,pull,3,pullups (assisted),3,13,0,chin-ups,4,13,0,barbell rows,3,12,0
31,Male,Weight Loss,Obese,push,1,pushups,3,15,0,shoulder press (machine),3,13,0,bench press (machine),4,13,0
63,Female,Muscle Gain,Underweight,legs,1,leg press,5,10,0,step-ups,4,11,0,bodyweight squats,5,12,0
27,Female,Weight Loss,Normal,legs,3,leg curls,3,15,0,barbell squats,3,12,0,lunges,3,13,0
56,Male,Maintain Fitness,Obese,legs,1,bodyweight squats,4,10,0,leg press,4,12,0,step-ups,4,8,0
66,Male,Muscle Gain,Obese,pull,1,face pulls,5,6,0,seated row,5,6,0,lat pulldown,5,6,0
24,Female,Muscle Gain,Overweight,cardio,1,light cycling,0,0,30,none,0,0,0,none,0,0,0
35,Female,Muscle Gain,Obese,push,1,pushups,4,7,0,bench press (machine),5,8,0,shoulder press (machine),4,10,0
45,Male,Maintain Fitness,Normal,pull,5,weighted pullups,3,12,0,muscle-ups,3,12,0,deadlifts,3,9,0
37,Female,Maintain Fitness,Overweight,legs,1,bodyweight squats,4,8,0,step-ups,3,12,0,leg press,4,9,0
41,Female,Maintain Fitness,Overweight,legs,1,leg press,4,12,0,step-ups,3,11,0,bodyweight squats,4,10,0
45,Male,Maintain Fitness,Normal,cardio,5,stair climbing,0,0,43,none,0,0,0,none,0,0,0
26,Male,Maintain Fitness,Overweight,pull,1,seated row,3,8,0,face pulls,3,8,0,lat pulldown,4,11,0
29,Female,Weight Loss,Obese,cardio,1,walking,0,0,26,none,0,0,0,none,0,0,0
61,Female,Maintain Fitness,Normal,push,1,bench press (machine),3,9,0,shoulder press (machine),4,9,0,pushups,3,11,0
31,Male,Muscle Gain,Normal,legs,5,bulgarian split squats,5,12,0,deadlifts,5,6,0,front squats,5,9,0
39,Male,Maintain Fitness,Overweight,legs,1,step-ups,3,11,0,leg press,3,8,0,bodyweight squats,3,10,0
20,Female,Weight Loss,Normal,cardio,1,light cycling,0,0,24,none,0,0,0,none,0,0,0
25,Male,Maintain Fitness,Underweight,cardio,5,HIIT,0,0,25,none,0,0,0,none,0,0,0
22,Female,Maintain Fitness,Obese,legs,1,step-ups,3,12,0,leg press,3,11,0,bodyweight squats,3,8,0
63,Female,Muscle Gain,Normal,pull,1,seated row,5,12,0,lat pulldown,4,11,0,face pulls,5,6,0
28,Male,Weight Loss,Underweight,legs,5,deadlifts,3,15,0,front squats,3,14,0,bulgarian split squats,3,15,0
67,Female,Weight Loss,Normal,cardio,1,elliptical,0,0,24,none,0,0,0,none,0,0,0
18,Male,Maintain Fitness,Underweight,push,1,pushups,4,10,0,shoulder press (machine),3,9,0,bench press (machine),4,11,0
49,Female,Weight Loss,Normal,legs,3,lunges,3,14,0,leg curls,3,12,0,barbell squats,3,14,0
40,Male,Muscle Gain,Obese,pull,1,face pulls,4,7,0,seated row,4,9,0,lat pulldown,4,7,0
36,Female,Weight Loss,Overweight,legs,1,step-ups,4,13,0,bodyweight squats,3,14,0,leg press,4,14,0
62,Female,Weight Loss,Normal,pull,1,face pulls,3,15,0,seated row,4,13,0,lat pulldown,3,15,0
42,Female,Weight Loss,Normal,push,1,pushups,4,14,0,shoulder press (machine),4,15,0,bench press (machine),4,12,0
48,Male,Muscle Gain,Underweight,legs,3,lunges,4,9,0,leg curls,4,9,0,barbell squats,4,12,0
48,Male,Maintain Fitness,Normal,legs,5,bulgarian split squats,4,8,0,front squats,3,10,0,deadlifts,3,8,0
58,Female,Muscle Gain,Obese,push,1,shoulder press (machine),4,12,0,pushups,4,10,0,bench press (machine),4,9,0
56,Male,Maintain Fitness,Overweight,legs,1,leg press,4,9,0,step-ups,4,12,0,bodyweight squats,4,9,0
42,Female,Maintain Fitness,Underweight,legs,1,step-ups,4,8,0,leg press,3,8,0,bodyweight squats,4,8,0
28,Female,Weight Loss,Overweight,legs,1,step-ups,4,12,0,leg press,3,14,0,bodyweight squats,3,15,0
43,Male,Muscle Gain,Obese,pull,1,face pulls,4,7,0,lat pulldown,5,10,0,seated row,5,12,0
41,Male,Weight Loss,Overweight,pull,1,lat pulldown,4,15,0,seated row,3,12,0,face pulls,3,14,0
33,Female,Muscle Gain,Obese,pull,1,seated row,5,11,0,face pulls,4,11,0,lat pulldown,4,10,0
65,Female,Muscle Gain,Underweight,cardio,1,light cycling,0,0,16,none,0,0,0,none,0,0,0
41,Female,Muscle Gain,Overweight,pull,1,seated row,4,11,0,face pulls,4,7,0,lat pulldown,4,9,0
39,Female,Maintain Fitness,Underweight,pull,5,deadlifts,3,8,0,weighted pullups,4,11,0,muscle-ups,4,9,0
52,Male,Muscle Gain,Normal,legs,1,step-ups,5,9,0,bodyweight squats,4,8,0,leg press,4,6,0
19,Female,Maintain Fitness,Overweight,legs,1,leg press,3,10,0,step-ups,4,10,0,bodyweight squats,4,8,0
47,Female,Muscle Gain,Underweight,cardio,1,elliptical,0,0,44,none,0,0,0,none,0,0,0
68,Male,Muscle Gain,Obese,legs,1,leg press,4,9,0,step-ups,5,6,0,bodyweight squats,4,9,0
46,Male,Maintain Fitness,Obese,push,1,pushups,3,9,0,shoulder press (machine),3,8,0,bench press (machine),4,9,0
46,Male,Weight Loss,Obese,cardio,1,walking,0,0,25,none,0,0,0,none,0,0,0
22,Female,Muscle Gain,Overweight,pull,1,face pulls,5,9,0,lat pulldown,5,6,0,seated row,5,9,0
29,Female,Muscle Gain,Underweight,cardio,1,walking,0,0,29,none,0,0,0,none,0,0,0
23,Male,Maintain Fitness,Underweight,cardio,3,cycling,0,0,26,none,0,0,0,none,0,0,0
56,Male,Weight Loss,Normal,legs,1,step-ups,3,15,0,leg press,3,15,0,bodyweight squats,4,14,0
22,Male,Weight Loss,Obese,cardio,1,light cycling,0,0,30,none,0,0,0,none,0,0,0
60,Female,Maintain Fitness,Underweight,push,1,pushups,3,12,0,shoulder press (machine),4,10,0,bench press (machine),3,8,0
66,Male,Maintain Fitness,Obese,pull,1,face pulls,4,8,0,lat pulldown,3,11,0,seated row,3,8,0
48,Female,Maintain Fitness,Underweight,push,3,dips,3,10,0,dumbbell press,4,10,0,bench press (barbell),4,10,0
61,Female,Weight Loss,Obese,legs,1,leg press,3,14,0,bodyweight squats,3,13,0,step-ups,4,13,0
42,Female,Maintain Fitness,Overweight,push,1,shoulder press (machine),4,10,0,bench press (machine),4,9,0,pushups,3,10,0
68,Female,Weight Loss,Obese,legs,1,step-ups,3,13,0,leg press,3,15,0,bodyweight squats,4,14,0
34,Male,Maintain Fitness,Normal,push,1,shoulder press (machine),4,11,0,pushups,4,9,0,bench press (machine),3,10,0
24,Male,Weight Loss,Overweight,push,1,shoulder press (machine),4,14,0,pushups,4,14,0,bench press (machine),3,12,0
43,Female,Maintain Fitness,Underweight,pull,1,face pulls,3,11,0,lat pulldown,4,9,0,seated row,4,10,0
39,Female,Muscle Gain,Underweight,push,3,dumbbell press,5,10,0,dips,5,10,0,bench press (barbell),4,12,0
45,Male,Weight Loss,Normal,cardio,1,elliptical,0,0,17,none,0,0,0,none,0,0,0
70,Male,Maintain Fitness,Overweight,cardio,1,walking,0,0,36,none,0,0,0,none,0,0,0
37,Male,Weight Loss,Normal,pull,5,deadlifts,3,13,0,muscle-ups,4,15,0,weighted pullups,4,13,0
18,Male,Maintain Fitness,Normal,cardio,5,stair climbing,0,0,23,none,0,0,0,none,0,0,0
36,Female,Weight Loss,Overweight,pull,1,seated row,4,14,0,lat pulldown,4,13,0,face pulls,3,14,0
28,Female,Weight Loss,Obese,push,1,pushups,4,12,0,bench press (machine),3,14,0,shoulder press (machine),4,15,0
23,Female,Muscle Gain,Obese,cardio,1,light cycling,0,0,15,none,0,0,0,none,0,0,0
18,Male,Maintain Fitness,Overweight,pull,1,face pulls,3,11,0,lat pulldown,4,12,0,seated row,3,10,0
51,Male,Weight Loss,Normal,legs,1,step-ups,3,13,0,bodyweight squats,4,13,0,leg press,4,13,0
44,Female,Muscle Gain,Obese,pull,1,seated row,5,10,0,lat pulldown,5,12,0,face pulls,4,12,0
38,Male,Muscle Gain,Overweight,legs,1,bodyweight squats,4,12,0,step-ups,5,9,0,leg press,5,8,0
37,Male,Weight Loss,Obese,cardio,1,light cycling,0,0,45,none,0,0,0,none,0,0,0
42,Male,Maintain Fitness,Overweight,pull,1,lat pulldown,3,8,0,seated row,4,10,0,face pulls,3,9,0
66,Female,Weight Loss,Normal,cardio,1,light cycling,0,0,19,none,0,0,0,none,0,0,0
48,Male,Maintain Fitness,Normal,pull,1,face pulls,4,12,0,lat pulldown,3,11,0,seated row,4,12,0
57,Male,Maintain Fitness,Obese,legs,1,step-ups,3,11,0,leg press,4,8,0,bodyweight squats,4,12,0
42,Female,Weight Loss,Underweight,pull,1,lat pulldown,3,12,0,seated row,4,13,0,face pulls,3,13,0
66,Male,Maintain Fitness,Overweight,legs,1,leg press,4,8,0,bodyweight squats,4,10,0,step-ups,3,8,0
34,Male,Maintain Fitness,Obese,cardio,1,light cycling,0,0,20,none,0,0,0,none,0,0,0
61,Female,Muscle Gain,Overweight,push,1,pushups,5,12,0,shoulder press (machine),4,12,0,bench press (machine),5,11,0
47,Female,Maintain Fitness,Normal,legs,1,step-ups,3,11,0,leg press,4,11,0,bodyweight squats,3,12,0
50,Female,Muscle Gain,Overweight,pull,1,face pulls,5,6,0,lat pulldown,5,8,0,seated row,4,9,0
33,Male,Muscle Gain,Normal,legs,1,bodyweight squats,4,8,0,step-ups,5,7,0,leg press,5,11,0
61,Female,Muscle Gain,Obese,push,1,pushups,5,12,0,shoulder press (machine),4,10,0,bench press (machine),4,8,0
58,Male,Muscle Gain,Obese,cardio,1,light cycling,0,0,40,none,0,0,0,none,0,0,0
68,Male,Muscle Gain,Obese,cardio,1,light cycling,0,0,29,none,0,0,0,none,0,0,0
40,Male,Muscle Gain,Normal,push,3,bench press (barbell),4,9,0,dumbbell press,5,8,0,dips,4,11,0
45,Female,Maintain Fitness,Underweight,pull,5,weighted pullups,4,10,0,deadlifts,4,12,0,muscle-ups,4,10,0
45,Male,Weight Loss,Normal,cardio,3,cycling,0,0,21,none,0,0,0,none,0,0,0
44,Female,Maintain Fitness,Underweight,cardio,3,cycling,0,0,18,none,0,0,0,none,0,0,0
63,Male,Maintain Fitness,Obese,legs,1,bodyweight squats,3,9,0,leg press,3,9,0,step-ups,4,10,0
57,Female,Muscle Gain,Obese,legs,1,bodyweight squats,4,8,0,leg press,4,12,0,step-ups,5,10,0
22,Male,Muscle Gain,Normal,cardio,5,HIIT,0,0,22,none,0,0,0,none,0,0,0
47,Male,Weight Loss,Normal,legs,1,step-ups,3,15,0,bodyweight squats,4,12,0,leg press,4,15,0
41,Female,Weight Loss,Overweight,cardio,1,elliptical,0,0,39,none,0,0,0,none,0,0,0
39,Female,Weight Loss,Overweight,cardio,1,light cycling,0,0,34,none,0,0,0,none,0,0,0
69,Male,Maintain Fitness,Underweight,push,1,pushups,3,8,0,bench press (machine),4,8,0,shoulder press (machine),4,8,0
51,Male,Maintain Fitness,Normal,pull,1,seated row,3,8,0,face pulls,4,11,0,lat pulldown,4,12,0
62,Male,Maintain Fitness,Underweight,pull,1,face pulls,3,8,0,lat pulldown,3,11,0,seated row,3,12,0
49,Male,Muscle Gain,Obese,push,1,pushups,4,10,0,bench press (machine),4,8,0,shoulder press (machine),5,11,0
24,Male,Maintain Fitness,Normal,push,3,dumbbell press,4,10,0,dips,3,9,0,bench press (barbell),4,9,0
39,Male,Muscle Gain,Obese,legs,1,leg press,4,8,0,step-ups,4,11,0,bodyweight squats,4,9,0
42,Male,Maintain Fitness,Overweight,cardio,1,elliptical,0,0,30,none,0,0,0,none,0,0,0
63,Female,Muscle Gain,Obese,cardio,1,light cycling,0,0,42,none,0,0,0,none,0,0,0
21,Male,Maintain Fitness,Normal,push,5,incline bench press,4,11,0,overhead press,4,9,0,weighted dips,4,10,0
60,Male,Muscle Gain,Overweight,cardio,1,elliptical,0,0,23,none,0,0,0,none,0,0,0
44,Male,Weight Loss,Underweight,pull,5,weighted pullups,4,15,0,muscle-ups,3,15,0,deadlifts,3,15,0
18,Male,Maintain Fitness,Underweight,cardio,3,jogging,0,0,29,none,0,0,0,none,0,0,0
31,Female,Muscle Gain,Underweight,pull,3,pullups (assisted),4,11,0,barbell rows,5,12,0,chin-ups,4,6,0
35,Male,Weight Loss,Obese,cardio,1,light cycling,0,0,42,none,0,0,0,none,0,0,0
68,Male,Weight Loss,Underweight,pull,1,lat pulldown,3,15,0,face pulls,3,13,0,seated row,3,14,0
27,Male,Muscle Gain,Underweight,push,1,pushups,5,7,0,shoulder press (machine),5,7,0,bench press (machine),4,7,0
41,Female,Muscle Gain,Underweight,cardio,5,HIIT,0,0,21,none,0,0,0,none,0,0,0
33,Male,Weight Loss,Normal,legs,3,barbell squats,4,13,0,leg curls,4,15,0,lunges,4,14,0
41,Female,Muscle Gain,Obese,push,1,pushups,4,6,0,shoulder press (machine),4,9,0,bench press (machine),5,6,0
38,Female,Maintain Fitness,Obese,cardio,1,elliptical,0,0,22,none,0,0,0,none,0,0,0
39,Female,Muscle Gain,Underweight,push,1,pushups,4,8,0,shoulder press (machine),5,6,0,bench press (machine),5,6,0
18,Female,Maintain Fitness,Normal,pull,3,pullups (assisted),3,12,0,barbell rows,3,12,0,chin-ups,3,12,0
57,Female,Maintain Fitness,Normal,pull,1,lat pulldown,3,9,0,seated row,4,8,0,face pulls,3,11,0
65,Female,Weight Loss,Normal,legs,1,bodyweight squats,3,12,0,step-ups,4,13,0,leg press,3,14,0
19,Female,Weight Loss,Overweight,push,1,bench press (machine),3,15,0,shoulder press (machine),4,12,0,pushups,3,15,0
53,Male,Muscle Gain,Overweight,pull,1,lat pulldown,5,11,0,face pulls,5,11,0,seated row,4,8,0
69,Female,Maintain Fitness,Overweight,pull,1,seated row,3,10,0,lat pulldown,4,11,0,face pulls,3,8,0
22,Female,Muscle Gain,Overweight,pull,1,lat pulldown,4,9,0,seated row,4,9,0,face pulls,5,10,0
45,Female,Muscle Gain,Normal,cardio,1,light cycling,0,0,29,none,0,0,0,none,0,0,0
49,Female,Maintain Fitness,Underweight,cardio,3,jogging,0,0,26,none,0,0,0,none,0,0,0
38,Female,Weight Loss,Normal,pull,5,muscle-ups,4,12,0,weighted pullups,4,13,0,deadlifts,3,15,0
66,Male,Muscle Gain,Obese,push,1,bench press (machine),5,11,0,shoulder press (machine),5,12,0,pushups,5,10,0
54,Female,Muscle Gain,Obese,cardio,1,elliptical,0,0,24,none,0,0,0,none,0,0,0
57,Male,Maintain Fitness,Obese,legs,1,step-ups,3,8,0,leg press,3,11,0,bodyweight squats,3,9,0
64,Female,Muscle Gain,Obese,pull,1,seated row,4,9,0,face pulls,4,10,0,lat pulldown,5,7,0
62,Female,Maintain Fitness,Underweight,push,1,pushups,3,8,0,bench press (machine),3,11,0,shoulder press (machine),3,8,0
52,Male,Maintain Fitness,Obese,push,1,bench press (machine),3,8,0,shoulder press (machine),4,10,0,pushups,3,11,0
55,Female,Muscle Gain,Normal,cardio,1,elliptical,0,0,15,none,0,0,0,none,0,0,0
27,Female,Muscle Gain,Underweight,push,5,weighted dips,4,12,0,incline bench press,4,10,0,overhead press,4,9,0
63,Female,Weight Loss,Underweight,pull,1,face pulls,4,14,0,seated row,4,12,0,lat pulldown,3,15,0
36,Male,Maintain Fitness,Underweight,pull,5,muscle-ups,3,9,0,weighted pullups,3,9,0,deadlifts,3,11,0
29,Male,Weight Loss,Underweight,pull,5,weighted pullups,4,14,0,muscle-ups,4,14,0,deadlifts,4,14,0
41,Female,Weight Loss,Overweight,push,1,shoulder press (machine),4,15,0,bench press (machine),4,12,0,pushups,4,12,0
66,Female,Maintain Fitness,Underweight,cardio,1,elliptical,0,0,33,none,0,0,0,none,0,0,0
46,Female,Weight Loss,Underweight,legs,3,leg curls,4,14,0,lunges,3,14,0,barbell squats,4,14,0
54,Female,Muscle Gain,Overweight,cardio,1,walking,0,0,36,none,0,0,0,none,0,0,0
30,Female,Muscle Gain,Normal,legs,5,bulgarian split squats,5,8,0,deadlifts,5,8,0,front squats,5,6,0
54,Female,Weight Loss,Overweight,push,1,pushups,3,14,0,bench press (machine),4,15,0,shoulder press (machine),3,14,0
23,Female,Maintain Fitness,Normal,cardio,3,cycling,0,0,30,none,0,0,0,none,0,0,0
21,Female,Weight Loss,Obese,cardio,1,walking,0,0,39,none,0,0,0,none,0,0,0
59,Female,Maintain Fitness,Underweight,cardio,1,elliptical,0,0,41,none,0,0,0,none,0,0,0
69,Male,Muscle Gain,Normal,legs,1,bodyweight squats,5,11,0,leg press,4,7,0,step-ups,5,10,0
42,Male,Muscle Gain,Underweight,pull,1,lat pulldown,4,10,0,seated row,4,8,0,face pulls,5,10,0
37,Male,Weight Loss,Overweight,pull,1,lat pulldown,3,12,0,seated row,3,14,0,face pulls,3,12,0
66,Female,Muscle Gain,Obese,cardio,1,light cycling,0,0,35,none,0,0,0,none,0,0,0
41,Female,Maintain Fitness,Normal,pull,5,deadlifts,3,10,0,weighted pullups,4,8,0,muscle-ups,4,8,0
66,Female,Maintain Fitness,Underweight,cardio,1,elliptical,0,0,43,none,0,0,0,none,0,0,0
37,Female,Weight Loss,Normal,cardio,5,HIIT,0,0,15,none,0,0,0,none,0,0,0
31,Female,Muscle Gain,Obese,legs,1,step-ups,4,11,0,bodyweight squats,4,8,0,leg press,4,11,0
46,Male,Muscle Gain,Normal,push,1,bench press (machine),4,10,0,shoulder press (machine),4,12,0,pushups,5,7,0
23,Female,Muscle Gain,Normal,push,5,incline bench press,5,6,0,overhead press,4,12,0,weighted dips,4,10,0
25,Female,Weight Loss,Obese,legs,1,bodyweight squats,3,12,0,step-ups,4,15,0,leg press,4,14,0
35,Male,Weight Loss,Underweight,cardio,5,HIIT,0,0,38,none,0,0,0,none,0,0,0
20,Male,Weight Loss,Obese,legs,1,step-ups,4,14,0,leg press,4,12,0,bodyweight squats,4,12,0
53,Female,Muscle Gain,Underweight,cardio,1,light cycling,0,0,17,none,0,0,0,none,0,0,0
44,Male,Muscle Gain,Overweight,cardio,1,light cycling,0,0,21,none,0,0,0,none,0,0,0
51,Male,Maintain Fitness,Underweight,cardio,1,light cycling,0,0,32,none,0,0,0,none,0,0,0
50,Male,Weight Loss,Obese,legs,1,leg press,4,15,0,bodyweight squats,3,13,0,step-ups,3,14,0
62,Female,Maintain Fitness,Underweight,pull,1,face pulls,4,9,0,seated row,4,12,0,lat pulldown,4,9,0
34,Female,Maintain Fitness,Normal,push,3,dumbbell press,4,9,0,bench press (barbell),3,9,0,dips,3,12,0
47,Male,Muscle Gain,Underweight,pull,5,muscle-ups,5,10,0,deadlifts,5,12,0,weighted pullups,5,7,0
30,Male,Muscle Gain,Underweight,pull,1,lat pulldown,5,12,0,face pulls,4,9,0,seated row,4,12,0
39,Female,Muscle Gain,Normal,legs,5,bulgarian split squats,5,9,0,front squats,4,9,0,deadlifts,5,11,0
40,Male,Weight Loss,Overweight,pull,1,seated row,3,12,0,lat pulldown,4,12,0,face pulls,3,13,0
26,Female,Weight Loss,Normal,cardio,5,HIIT,0,0,42,none,0,0,0,none,0,0,0
46,Female,Maintain Fitness,Obese,legs,1,step-ups,3,12,0,bodyweight squats,3,9,0,leg press,3,12,0
26,Female,Maintain Fitness,Underweight,cardio,3,cycling,0,0,27,none,0,0,0,none,0,0,0
39,Male,Muscle Gain,Obese,push,1,pushups,5,6,0,bench press (machine),5,7,0,shoulder press (machine),4,8,0
33,Male,Maintain Fitness,Underweight,pull,1,face pulls,3,8,0,lat pulldown,3,11,0,seated row,4,10,0
34,Male,Maintain Fitness,Obese,pull,1,lat pulldown,4,10,0,seated row,3,8,0,face pulls,4,12,0
50,Female,Weight Loss,Obese,cardio,1,light cycling,0,0,34,none,0,0,0,none,0,0,0
26,Female,Maintain Fitness,Underweight,pull,1,face pulls,4,10,0,lat pulldown,3,8,0,seated row,4,12,0
51,Female,Muscle Gain,Overweight,pull,1,face pulls,5,10,0,seated row,5,10,0,lat pulldown,5,10,0
35,Male,Weight Loss,Underweight,legs,5,deadlifts,3,15,0,bulgarian split squats,3,14,0,front squats,3,13,0
22,Female,Muscle Gain,Overweight,push,1,bench press (machine),5,10,0,shoulder press (machine),5,11,0,pushups,4,6,0
29,Male,Maintain Fitness,Underweight,legs,3,barbell squats,3,9,0,lunges,3,8,0,leg curls,3,9,0
18,Female,Maintain Fitness,Normal,push,3,bench press (barbell),4,10,0,dips,3,11,0,dumbbell press,4,9,0
70,Male,Maintain Fitness,Normal,pull,1,lat pulldown,3,10,0,face pulls,3,10,0,seated row,4,11,0
63,Female,Maintain Fitness,Overweight,push,1,bench press (machine),4,10,0,shoulder press (machine),3,11,0,pushups,4,11,0
69,Male,Muscle Gain,Obese,pull,1,seated row,5,10,0,lat pulldown,5,11,0,face pulls,5,10,0
36,Female,Maintain Fitness,Obese,pull,1,face pulls,4,11,0,lat pulldown,3,8,0,seated row,3,8,0
26,Female,Weight Loss,Obese,pull,1,lat pulldown,4,15,0,face pulls,3,15,0,seated row,3,13,0
66,Female,Muscle Gain,Normal,legs,1,bodyweight squats,5,7,0,step-ups,5,9,0,leg press,5,10,0
21,Male,Muscle Gain,Overweight,push,1,pushups,4,11,0,bench press (machine),4,7,0,shoulder press (machine),5,10,0
27,Female,Maintain Fitness,Obese,cardio,1,walking,0,0,15,none,0,0,0,none,0,0,0
43,Male,Maintain Fitness,Overweight,legs,1,bodyweight squats,3,11,0,step-ups,3,11,0,leg press,3,10,0
29,Male,Maintain Fitness,Normal,legs,3,lunges,3,12,0,barbell squats,3,9,0,leg curls,4,12,0
25,Male,Muscle Gain,Obese,push,1,bench press (machine),5,10,0,shoulder press (machine),4,12,0,pushups,4,8,0
23,Male,Weight Loss,Underweight,legs,3,lunges,3,12,0,leg curls,4,12,0,barbell squats,3,12,0
52,Female,Weight Loss,Obese,cardio,1,light cycling,0,0,25,none,0,0,0,none,0,0,0
41,Female,Maintain Fitness,Normal,legs,3,lunges,4,12,0,barbell squats,3,10,0,leg curls,4,9,0
32,Male,Muscle Gain,Obese,push,1,pushups,4,6,0,shoulder press (machine),5,8,0,bench press (machine),4,8,0
56,Male,Maintain Fitness,Obese,cardio,1,walking,0,0,23,none,0,0,0,none,0,0,0
57,Male,Muscle Gain,Normal,push,1,pushups,4,7,0,bench press (machine),4,10,0,shoulder press (machine),5,12,0
38,Female,Weight Loss,Normal,pull,1,lat pulldown,3,13,0,face pulls,3,12,0,seated row,4,15,0
34,Male,Weight Loss,Normal,push,5,overhead press,4,15,0,incline bench press,3,14,0,weighted dips,4,13,0
30,Male,Maintain Fitness,Overweight,cardio,1,elliptical,0,0,21,none,0,0,0,none,0,0,0
60,Male,Maintain Fitness,Obese,legs,1,leg press,4,12,0,step-ups,4,10,0,bodyweight squats,4,9,0
66,Female,Maintain Fitness,Overweight,cardio,1,walking,0,0,22,none,0,0,0,none,0,0,0
28,Female,Weight Loss,Normal,legs,3,leg curls,3,13,0,barbell squats,3,14,0,lunges,3,13,0
21,Female,Weight Loss,Normal,legs,3,lunges,3,12,0,leg curls,4,14,0,barbell squats,3,15,0
39,Female,Maintain Fitness,Underweight,legs,1,step-ups,3,12,0,leg press,3,11,0,bodyweight squats,4,12,0
43,Male,Weight Loss,Underweight,cardio,3,jogging,0,0,19,none,0,0,0,none,0,0,0
33,Female,Muscle Gain,Underweight,pull,5,muscle-ups,4,9,0,weighted pullups,5,12,0,deadlifts,5,9,0
68,Female,Weight Loss,Obese,cardio,1,walking,0,0,32,none,0,0,0,none,0,0,0
60,Male,Weight Loss,Normal,pull,1,face pulls,3,12,0,seated row,3,14,0,lat pulldown,4,14,0
46,Male,Weight Loss,Overweight,legs,1,bodyweight squats,3,15,0,leg press,4,13,0,step-ups,3,12,0
44,Male,Maintain Fitness,Underweight,cardio,5,sprints,0,0,29,none,0,0,0,none,0,0,0
30,Male,Weight Loss,Obese,cardio,1,elliptical,0,0,23,none,0,0,0,none,0,0,0
66,Female,Weight Loss,Obese,cardio,1,walking,0,0,38,none,0,0,0,none,0,0,0
39,Female,Weight Loss,Overweight,cardio,1,elliptical,0,0,22,none,0,0,0,none,0,0,0
30,Male,Muscle Gain,Normal,push,5,incline bench press,4,10,0,weighted dips,5,12,0,overhead press,5,11,0
65,Female,Maintain Fitness,Normal,legs,1,bodyweight squats,4,8,0,step-ups,4,9,0,leg press,4,11,0
57,Male,Muscle Gain,Underweight,legs,1,bodyweight squats,4,10,0,step-ups,4,9,0,leg press,5,7,0
41,Male,Maintain Fitness,Obese,legs,1,leg press,3,11,0,step-ups,4,9,0,bodyweight squats,4,9,0
66,Male,Muscle Gain,Underweight,push,1,shoulder press (machine),4,9,0,bench press (machine),5,10,0,pushups,4,12,0
48,Male,Weight Loss,Normal,pull,3,pullups (assisted),3,13,0,barbell rows,4,14,0,chin-ups,4,13,0
19,Female,Weight Loss,Normal,pull,5,muscle-ups,3,15,0,deadlifts,4,13,0,weighted pullups,3,15,0
67,Female,Maintain Fitness,Normal,legs,1,leg press,3,12,0,step-ups,3,8,0,bodyweight squats,4,9,0
40,Female,Weight Loss,Obese,cardio,1,light cycling,0,0,42,none,0,0,0,none,0,0,0
23,Male,Muscle Gain,Obese,pull,1,seated row,5,11,0,face pulls,4,12,0,lat pulldown,5,7,0
36,Female,Muscle Gain,Obese,pull,1,face pulls,4,8,0,lat pulldown,4,8,0,seated row,4,6,0
20,Male,Weight Loss,Overweight,push,1,shoulder press (machine),3,12,0,bench press (machine),4,12,0,pushups,3,14,0
56,Male,Maintain Fitness,Obese,cardio,1,elliptical,0,0,39,none,0,0,0,none,0,0,0
65,Male,Muscle Gain,Underweight,push,1,bench press (machine),5,9,0,shoulder press (machine),4,10,0,pushups,5,12,0
25,Male,Muscle Gain,Normal,cardio,5,sprints,0,0,26,none,0,0,0,none,0,0,0
30,Female,Weight Loss,Obese,legs,1,step-ups,4,13,0,bodyweight squats,3,12,0,leg press,3,14,0
60,Male,Weight Loss,Normal,push,1,bench press (machine),3,13,0,pushups,4,15,0,shoulder press (machine),3,14,0
45,Male,Maintain Fitness,Obese,cardio,1,light cycling,0,0,23,none,0,0,0,none,0,0,0
35,Male,Weight Loss,Overweight,pull,1,face pulls,3,12,0,lat pulldown,3,15,0,seated row,3,14,0
60,Male,Weight Loss,Underweight,legs,1,step-ups,4,14,0,bodyweight squats,3,14,0,leg press,3,14,0
54,Male,Weight Loss,Overweight,pull,1,seated row,4,15,0,face pulls,3,15,0,lat pulldown,4,13,0
59,Male,Maintain Fitness,Overweight,pull,1,lat pulldown,4,11,0,seated row,4,8,0,face pulls,4,10,0
56,Female,Maintain Fitness,Obese,pull,1,face pulls,3,11,0,lat pulldown,3,11,0,seated row,3,11,0
51,Female,Weight Loss,Normal,cardio,1,elliptical,0,0,33,none,0,0,0,none,0,0,0
63,Male,Maintain Fitness,Overweight,push,1,pushups,4,8,0,bench press (machine),3,10,0,shoulder press (machine),4,10,0
60,Male,Maintain Fitness,Obese,cardio,1,light cycling,0,0,28,none,0,0,0,none,0,0,0
26,Male,Weight Loss,Overweight,pull,1,face pulls,4,13,0,seated row,3,15,0,lat pulldown,4,15,0
59,Male,Weight Loss,Underweight,push,1,bench press (machine),4,14,0,shoulder press (machine),3,15,0,pushups,4,15,0
48,Female,Maintain Fitness,Normal,legs,3,leg curls,3,11,0,lunges,3,12,0,barbell squats,3,11,0
26,Male,Weight Loss,Overweight,pull,1,lat pulldown,3,15,0,seated row,4,15,0,face pulls,4,12,0
28,Female,Muscle Gain,Overweight,pull,1,lat pulldown,5,6,0,face pulls,4,12,0,seated row,5,12,0
25,Male,Muscle Gain,Normal,pull,1,face pulls,5,6,0,seated row,4,8,0,lat pulldown,5,8,0
55,Male,Maintain Fitness,Underweight,push,1,bench press (machine),4,8,0,shoulder press (machine),4,9,0,pushups,4,10,0
54,Female,Maintain Fitness,Obese,cardio,1,elliptical,0,0,18,none,0,0,0,none,0,0,0
27,Male,Muscle Gain,Obese,pull,1,lat pulldown,4,12,0,face pulls,5,6,0,seated row,4,8,0
24,Male,Muscle Gain,Obese,pull,1,lat pulldown,4,10,0,seated row,4,7,0,face pulls,4,7,0
44,Female,Muscle Gain,Normal,cardio,3,cycling,0,0,44,none,0,0,0,none,0,0,0
67,Male,Muscle Gain,Normal,cardio,1,walking,0,0,43,none,0,0,0,none,0,0,0
53,Female,Muscle Gain,Overweight,legs,1,step-ups,4,12,0,bodyweight squats,4,6,0,leg press,5,7,0
56,Female,Muscle Gain,Obese,pull,1,face pulls,5,12,0,seated row,4,7,0,lat pulldown,4,8,0
39,Male,Maintain Fitness,Obese,legs,1,leg press,4,10,0,step-ups,4,10,0,bodyweight squats,4,10,0
62,Male,Muscle Gain,Normal,legs,1,bodyweight squats,5,10,0,step-ups,4,8,0,leg press,4,12,0
35,Female,Weight Loss,Obese,push,1,pushups,4,14,0,bench press (machine),3,13,0,shoulder press (machine),4,13,0
42,Female,Maintain Fitness,Underweight,push,3,dips,3,8,0,bench press (barbell),3,12,0,dumbbell press,3,8,0
20,Female,Maintain Fitness,Overweight,legs,1,bodyweight squats,4,12,0,leg press,4,11,0,step-ups,3,10,0
52,Female,Muscle Gain,Obese,cardio,1,light cycling,0,0,43,none,0,0,0,none,0,0,0
32,Male,Weight Loss,Obese,pull,1,face pulls,4,12,0,lat pulldown,3,14,0,seated row,3,12,0
30,Female,Muscle Gain,Obese,legs,1,leg press,4,9,0,bodyweight squats,5,8,0,step-ups,5,9,0
32,Female,Muscle Gain,Obese,legs,1,bodyweight squats,5,10,0,leg press,5,6,0,step-ups,5,10,0
31,Female,Weight Loss,Overweight,pull,1,lat pulldown,3,15,0,face pulls,4,15,0,seated row,3,12,0
32,Female,Maintain Fitness,Obese,cardio,1,elliptical,0,0,23,none,0,0,0,none,0,0,0
58,Female,Weight Loss,Overweight,push,1,pushups,4,12,0,shoulder press (machine),3,15,0,bench press (machine),3,14,0
31,Male,Weight Loss,Normal,pull,3,barbell rows,4,14,0,pullups (assisted),3,15,0,chin-ups,3,13,0
53,Male,Maintain Fitness,Normal,cardio,1,walking,0,0,40,none,0,0,0,none,0,0,0
50,Female,Muscle Gain,Normal,pull,5,muscle-ups,4,6,0,deadlifts,4,6,0,weighted pullups,5,8,0
24,Male,Maintain Fitness,Underweight,pull,1,seated row,4,9,0,face pulls,4,12,0,lat pulldown,4,11,0
66,Female,Maintain Fitness,Overweight,legs,1,bodyweight squats,3,8,0,leg press,4,12,0,step-ups,3,11,0
58,Male,Maintain Fitness,Obese,cardio,1,walking,0,0,33,none,0,0,0,none,0,0,0
24,Male,Weight Loss,Obese,legs,1,step-ups,3,13,0,leg press,4,14,0,bodyweight squats,3,14,0
49,Female,Maintain Fitness,Normal,push,5,overhead press,4,9,0,weighted dips,3,8,0,incline bench press,3,9,0
18,Male,Weight Loss,Overweight,cardio,1,elliptical,0,0,27,none,0,0,0,none,0,0,0
36,Male,Muscle Gain,Underweight,cardio,1,walking,0,0,21,none,0,0,0,none,0,0,0
59,Female,Maintain Fitness,Normal,pull,1,seated row,4,12,0,face pulls,4,9,0,lat pulldown,4,11,0
60,Male,Weight Loss,Overweight,cardio,1,walking,0,0,18,none,0,0,0,none,0,0,0
19,Female,Maintain Fitness,Obese,cardio,1,light cycling,0,0,41,none,0,0,0,none,0,0,0
19,Female,Maintain Fitness,Obese,push,1,shoulder press (machine),4,12,0,bench press (machine),3,10,0,pushups,4,11,0
68,Female,Maintain Fitness,Underweight,pull,1,seated row,4,12,0,lat pulldown,4,11,0,face pulls,4,8,0
36,Male,Muscle Gain,Obese,pull,1,face pulls,5,9,0,seated row,5,10,0,lat pulldown,5,12,0
39,Female,Maintain Fitness,Normal,legs,1,step-ups,4,12,0,bodyweight squats,3,9,0,leg press,4,9,0
27,Female,Maintain Fitness,Normal,legs,1,leg press,4,8,0,bodyweight squats,3,12,0,step-ups,4,12,0
66,Female,Muscle Gain,Normal,pull,1,lat pulldown,5,9,0,seated row,5,7,0,face pulls,5,6,0
49,Female,Maintain Fitness,Obese,cardio,1,elliptical,0,0,39,none,0,0,0,none,0,0,0
38,Female,Weight Loss,Normal,push,5,weighted dips,4,12,0,incline bench press,3,15,0,overhead press,4,14,0
42,Female,Maintain Fitness,Obese,push,1,shoulder press (machine),3,12,0,bench press (machine),3,9,0,pushups,3,8,0
65,Female,Weight Loss,Underweight,legs,1,step-ups,4,14,0,leg press,4,13,0,bodyweight squats,4,14,0
70,Male,Weight Loss,Normal,cardio,1,elliptical,0,0,22,none,0,0,0,none,0,0,0
50,Male,Weight Loss,Obese,legs,1,bodyweight squats,3,13,0,leg press,4,12,0,step-ups,3,12,0
61,Female,Muscle Gain,Underweight,pull,1,face pulls,5,6,0,seated row,4,8,0,lat pulldown,4,7,0
26,Male,Weight Loss,Overweight,push,1,shoulder press (machine),4,14,0,pushups,3,12,0,bench press (machine),4,14,0
39,Female,Weight Loss,Overweight,cardio,1,elliptical,0,0,33,none,0,0,0,none,0,0,0
38,Female,Muscle Gain,Overweight,cardio,1,light cycling,0,0,36,none,0,0,0,none,0,0,0
47,Female,Muscle Gain,Obese,cardio,1,light cycling,0,0,18,none,0,0,0,none,0,0,0
36,Male,Muscle Gain,Overweight,push,1,pushups,5,9,0,bench press (machine),4,12,0,shoulder press (machine),5,7,0
43,Male,Muscle Gain,Normal,push,3,bench press (barbell),4,11,0,dumbbell press,4,7,0,dips,4,6,0
42,Female,Weight Loss,Overweight,push,1,shoulder press (machine),4,12,0,bench press (machine),4,13,0,pushups,4,14,0
19,Female,Muscle Gain,Underweight,push,5,overhead press,4,9,0,incline bench press,5,8,0,weighted dips,5,6,0
42,Male,Muscle Gain,Overweight,cardio,1,light cycling,0,0,38,none,0,0,0,none,0,0,0
57,Female,Weight Loss,Obese,push,1,bench press (machine),4,12,0,shoulder press (machine),4,15,0,pushups,4,12,0
63,Male,Muscle Gain,Obese,legs,1,bodyweight squats,4,10,0,step-ups,5,6,0,leg press,4,9,0
59,Female,Maintain Fitness,Normal,legs,1,leg press,3,9,0,step-ups,4,12,0,bodyweight squats,4,10,0
19,Female,Maintain Fitness,Normal,legs,1,leg press,3,10,0,bodyweight squats,4,10,0,step-ups,4,9,0
61,Female,Muscle Gain,Underweight,legs,1,step-ups,4,11,0,leg press,4,11,0,bodyweight squats,5,6,0
42,Female,Weight Loss,Overweight,cardio,1,walking,0,0,18,none,0,0,0,none,0,0,0
25,Female,Weight Loss,Obese,legs,1,step-ups,3,15,0,leg press,3,15,0,bodyweight squats,3,15,0
23,Male,Maintain Fitness,Underweight,legs,5,bulgarian split squats,3,9,0,front squats,4,11,0,deadlifts,3,9,0
38,Male,Muscle Gain,Normal,legs,5,bulgarian split squats,4,10,0,deadlifts,5,10,0,front squats,5,11,0
33,Female,Weight Loss,Normal,push,3,dips,3,12,0,dumbbell press,3,13,0,bench press (barbell),4,14,0
32,Female,Maintain Fitness,Obese,legs,1,step-ups,4,8,0,bodyweight squats,4,10,0,leg press,4,9,0
46,Female,Muscle Gain,Underweight,legs,5,front squats,5,7,0,deadlifts,4,6,0,bulgarian split squats,4,9,0
36,Female,Maintain Fitness,Underweight,push,3,bench press (barbell),3,10,0,dips,4,8,0,dumbbell press,3,9,0
51,Female,Muscle Gain,Overweight,cardio,1,walking,0,0,34,none,0,0,0,none,0,0,0
33,Female,Weight Loss,Obese,cardio,1,elliptical,0,0,31,none,0,0,0,none,0,0,0
38,Female,Weight Loss,Underweight,pull,1,lat pulldown,4,15,0,face pulls,4,15,0,seated row,3,13,0
24,Male,Maintain Fitness,Normal,pull,3,barbell rows,4,10,0,pullups (assisted),4,10,0,chin-ups,3,9,0
59,Male,Muscle Gain,Overweight,cardio,1,elliptical,0,0,36,none,0,0,0,none,0,0,0
29,Male,Maintain Fitness,Overweight,cardio,1,elliptical,0,0,38,none,0,0,0,none,0,0,0
19,Female,Muscle Gain,Underweight,cardio,5,stair climbing,0,0,44,none,0,0,0,none,0,0,0
49,Female,Muscle Gain,Underweight,legs,3,leg curls,5,7,0,lunges,4,10,0,barbell squats,5,10,0
23,Female,Maintain Fitness,Overweight,pull,1,face pulls,3,10,0,lat pulldown,4,11,0,seated row,4,12,0
28,Male,Weight Loss,Overweight,push,1,bench press (machine),3,14,0,shoulder press (machine),3,12,0,pushups,3,15,0
36,Female,Maintain Fitness,Normal,pull,1,seated row,3,9,0,face pulls,4,12,0,lat pulldown,3,10,0
56,Male,Maintain Fitness,Underweight,cardio,1,light cycling,0,0,16,none,0,0,0,none,0,0,0
65,Male,Weight Loss,Overweight,pull,1,seated row,3,15,0,face pulls,4,15,0,lat pulldown,3,15,0
58,Male,Muscle Gain,Underweight,legs,1,step-ups,4,6,0,leg press,5,7,0,bodyweight squats,4,10,0
67,Female,Muscle Gain,Obese,cardio,1,light cycling,0,0,38,none,0,0,0,none,0,0,0
46,Male,Maintain Fitness,Underweight,cardio,5,stair climbing,0,0,36,none,0,0,0,none,0,0,0
27,Male,Weight Loss,Underweight,pull,1,lat pulldown,3,14,0,face pulls,4,14,0,seated row,3,14,0
69,Male,Weight Loss,Overweight,cardio,1,light cycling,0,0,29,none,0,0,0,none,0,0,0
57,Female,Maintain Fitness,Overweight,pull,1,seated row,3,10,0,face pulls,4,9,0,lat pulldown,3,8,0
27,Female,Muscle Gain,Overweight,legs,1,step-ups,5,11,0,bodyweight squats,4,8,0,leg press,4,8,0
47,Female,Muscle Gain,Underweight,pull,3,barbell rows,4,7,0,pullups (assisted),4,9,0,chin-ups,5,7,0
53,Female,Muscle Gain,Normal,pull,1,seated row,5,10,0,face pulls,4,10,0,lat pulldown,5,6,0
30,Male,Maintain Fitness,Obese,cardio,1,elliptical,0,0,41,none,0,0,0,none,0,0,0
20,Female,Weight Loss,Underweight,push,3,dips,4,12,0,bench press (barbell),4,12,0,dumbbell press,3,15,0
36,Male,Maintain Fitness,Overweight,legs,1,step-ups,3,9,0,bodyweight squats,3,10,0,leg press,3,8,0
18,Female,Weight Loss,Overweight,legs,1,leg press,4,13,0,step-ups,4,15,0,bodyweight squats,4,15,0
30,Male,Weight Loss,Overweight,legs,1,leg press,3,13,0,step-ups,4,15,0,bodyweight squats,3,15,0
30,Male,Muscle Gain,Overweight,push,1,shoulder press (machine),5,10,0,bench press (machine),5,8,0,pushups,4,6,0
44,Female,Muscle Gain,Obese,pull,1,lat pulldown,5,7,0,seated row,4,10,0,face pulls,5,9,0
34,Female,Maintain Fitness,Normal,pull,3,pullups (assisted),3,9,0,barbell rows,3,9,0,chin-ups,3,11,0
41,Female,Muscle Gain,Obese,cardio,1,elliptical,0,0,23,none,0,0,0,none,0,0,0
49,Male,Maintain Fitness,Underweight,cardio,1,light cycling,0,0,31,none,0,0,0,none,0,0,0
37,Male,Muscle Gain,Overweight,cardio,1,light cycling,0,0,39,none,0,0,0,none,0,0,0
54,Female,Weight Loss,Obese,pull,1,seated row,4,12,0,face pulls,4,12,0,lat pulldown,4,14,0
68,Female,Weight Loss,Underweight,legs,1,step-ups,3,14,0,bodyweight squats,4,12,0,leg press,3,13,0
62,Female,Muscle Gain,Obese,cardio,1,elliptical,0,0,41,none,0,0,0,none,0,0,0
51,Female,Weight Loss,Underweight,push,1,bench press (machine),3,12,0,pushups,3,15,0,shoulder press (machine),3,12,0
57,Male,Weight Loss,Underweight,pull,1,face pulls,3,14,0,seated row,3,15,0,lat pulldown,3,12,0
69,Male,Muscle Gain,Underweight,cardio,1,walking,0,0,19,none,0,0,0,none,0,0,0
67,Female,Maintain Fitness,Normal,cardio,1,light cycling,0,0,26,none,0,0,0,none,0,0,0
30,Male,Muscle Gain,Overweight,pull,1,face pulls,5,9,0,lat pulldown,5,6,0,seated row,4,6,0
24,Female,Weight Loss,Normal,push,5,incline bench press,4,15,0,overhead press,4,14,0,weighted dips,3,14,0
41,Female,Weight Loss,Overweight,pull,1,seated row,4,14,0,lat pulldown,3,15,0,face pulls,3,15,0
52,Female,Maintain Fitness,Obese,cardio,1,light cycling,0,0,38,none,0,0,0,none,0,0,0
44,Male,Muscle Gain,Overweight,legs,1,bodyweight squats,4,11,0,leg press,4,9,0,step-ups,4,10,0
58,Female,Muscle Gain,Underweight,pull,1,seated row,5,10,0,lat pulldown,5,7,0,face pulls,5,12,0
64,Female,Maintain Fitness,Underweight,legs,1,step-ups,3,9,0,leg press,4,12,0,bodyweight squats,3,9,0
42,Male,Maintain Fitness,Overweight,cardio,1,light cycling,0,0,15,none,0,0,0,none,0,0,0
28,Female,Maintain Fitness,Normal,cardio,3,swimming,0,0,39,none,0,0,0,none,0,0,0
37,Male,Muscle Gain,Overweight,legs,1,bodyweight squats,4,7,0,step-ups,5,12,0,leg press,4,7,0
18,Male,Weight Loss,Underweight,legs,1,step-ups,4,13,0,bodyweight squats,4,12,0,leg press,4,14,0
49,Male,Weight Loss,Normal,cardio,3,jogging,0,0,40,none,0,0,0,none,0,0,0
29,Male,Weight Loss,Overweight,cardio,1,walking,0,0,24,none,0,0,0,none,0,0,0
68,Female,Muscle Gain,Normal,pull,1,seated row,5,12,0,lat pulldown,5,10,0,face pulls,5,10,0
25,Female,Maintain Fitness,Overweight,push,1,bench press (machine),4,8,0,shoulder press (machine),4,8,0,pushups,4,10,0
20,Male,Muscle Gain,Obese,push,1,pushups,5,11,0,bench press (machine),4,11,0,shoulder press (machine),4,11,0
67,Male,Weight Loss,Normal,push,1,pushups,4,13,0,bench press (machine),3,14,0,shoulder press (machine),4,13,0
49,Male,Weight Loss,Underweight,push,1,bench press (machine),3,15,0,pushups,4,15,0,shoulder press (machine),3,12,0
44,Male,Muscle Gain,Underweight,push,5,incline bench press,5,7,0,overhead press,5,8,0,weighted dips,4,7,0
40,Male,Maintain Fitness,Normal,pull,5,muscle-ups,3,9,0,deadlifts,3,12,0,weighted pullups,4,11,0
58,Male,Muscle Gain,Obese,pull,1,face pulls,4,11,0,lat pulldown,5,11,0,seated row,4,11,0
44,Female,Muscle Gain,Normal,push,1,bench press (machine),4,11,0,shoulder press (machine),5,12,0,pushups,4,7,0
18,Female,Weight Loss,Underweight,legs,3,barbell squats,4,12,0,leg curls,4,13,0,lunges,4,13,0
28,Male,Weight Loss,Overweight,legs,1,leg press,4,15,0,bodyweight squats,3,14,0,step-ups,4,14,0
51,Female,Maintain Fitness,Obese,legs,1,step-ups,4,12,0,leg press,4,10,0,bodyweight squats,4,8,0
40,Male,Maintain Fitness,Normal,legs,5,deadlifts,3,9,0,front squats,3,9,0,bulgarian split squats,4,12,0
36,Female,Muscle Gain,Obese,cardio,1,light cycling,0,0,34,none,0,0,0,none,0,0,0
59,Male,Weight Loss,Underweight,legs,1,bodyweight squats,4,15,0,step-ups,4,13,0,leg press,3,13,0
29,Male,Maintain Fitness,Obese,pull,1,lat pulldown,3,10,0,face pulls,4,10,0,seated row,3,10,0
70,Female,Weight Loss,Normal,cardio,1,walking,0,0,38,none,0,0,0,none,0,0,0
59,Female,Weight Loss,Overweight,legs,1,bodyweight squats,4,15,0,step-ups,4,13,0,leg press,4,13,0
62,Female,Weight Loss,Underweight,cardio,1,light cycling,0,0,39,none,0,0,0,none,0,0,0
43,Female,Muscle Gain,Obese,legs,1,bodyweight squats,4,7,0,leg press,4,8,0,step-ups,4,7,0
38,Male,Muscle Gain,Underweight,pull,5,weighted pullups,4,10,0,deadlifts,4,10,0,muscle-ups,5,12,0
50,Male,Weight Loss,Overweight,legs,1,leg press,4,15,0,step-ups,4,14,0,bodyweight squats,3,15,0
27,Female,Maintain Fitness,Overweight,push,1,bench press (machine),3,8,0,pushups,3,10,0,shoulder press (machine),3,8,0
24,Female,Maintain Fitness,Obese,push,1,pushups,4,8,0,bench press (machine),4,8,0,shoulder press (machine),4,11,0
59,Female,Maintain Fitness,Normal,push,1,pushups,4,9,0,bench press (machine),3,10,0,shoulder press (machine),3,8,0
24,Female,Weight Loss,Underweight,cardio,1,walking,0,0,30,none,0,0,0,none,0,0,0
60,Male,Muscle Gain,Normal,pull,1,lat pulldown,5,6,0,seated row,4,11,0,face pulls,5,6,0
21,Male,Weight Loss,Obese,legs,1,step-ups,4,15,0,bodyweight squats,4,13,0,leg press,4,15,0
22,Male,Weight Loss,Underweight,pull,1,face pulls,3,15,0,seated row,4,14,0,lat pulldown,4,12,0
63,Male,Maintain Fitness,Underweight,legs,1,step-ups,3,11,0,leg press,4,10,0,bodyweight squats,3,9,0
66,Female,Weight Loss,Overweight,pull,1,seated row,4,12,0,lat pulldown,3,14,0,face pulls,4,13,0
48,Male,Maintain Fitness,Normal,pull,1,seated row,3,12,0,face pulls,4,9,0,lat pulldown,4,8,0
33,Male,Weight Loss,Obese,legs,1,leg press,4,14,0,step-ups,4,14,0,bodyweight squats,4,12,0
46,Male,Maintain Fitness,Obese,push,1,pushups,3,9,0,bench press (machine),4,9,0,shoulder press (machine),3,10,0
65,Female,Maintain Fitness,Overweight,pull,1,lat pulldown,3,11,0,seated row,3,9,0,face pulls,4,12,0
44,Male,Weight Loss,Obese,push,1,pushups,4,12,0,shoulder press (machine),3,13,0,bench press (machine),3,15,0
58,Female,Weight Loss,Overweight,pull,1,seated row,4,15,0,face pulls,3,14,0,lat pulldown,4,15,0
25,Male,Maintain Fitness,Obese,push,1,bench press (machine),4,10,0,shoulder press (machine),3,11,0,pushups,3,12,0
20,Female,Maintain Fitness,Obese,cardio,1,walking,0,0,32,none,0,0,0,none,0,0,0
52,Female,Weight Loss,Underweight,cardio,1,elliptical,0,0,23,none,0,0,0,none,0,0,0
45,Female,Muscle Gain,Overweight,pull,1,face pulls,4,8,0,seated row,4,9,0,lat pulldown,4,10,0
55,Male,Weight Loss,Underweight,pull,1,seated row,3,14,0,lat pulldown,3,13,0,face pulls,3,14,0
38,Male,Maintain Fitness,Overweight,cardio,1,elliptical,0,0,16,none,0,0,0,none,0,0,0
24,Female,Maintain Fitness,Underweight,pull,1,lat pulldown,3,10,0,face pulls,4,9,0,seated row,3,10,0
20,Female,Maintain Fitness,Overweight,pull,1,face pulls,3,9,0,lat pulldown,3,12,0,seated row,3,9,0
60,Female,Weight Loss,Obese,push,1,pushups,3,13,0,shoulder press (machine),4,14,0,bench press (machine),3,12,0
44,Female,Maintain Fitness,Normal,legs,3,barbell squats,4,8,0,lunges,3,12,0,leg curls,4,8,0
24,Male,Muscle Gain,Normal,push,5,incline bench press,4,11,0,overhead press,4,10,0,weighted dips,5,6,0
64,Male,Muscle Gain,Overweight,legs,1,step-ups,5,10,0,bodyweight squats,5,9,0,leg press,5,6,0
48,Male,Weight Loss,Normal,cardio,5,HIIT,0,0,31,none,0,0,0,none,0,0,0
65,Male,Muscle Gain,Underweight,push,1,bench press (machine),5,7,0,shoulder press (machine),5,6,0,pushups,5,11,0
22,Female,Muscle Gain,Overweight,push,1,bench press (machine),4,11,0,pushups,4,12,0,shoulder press (machine),5,12,0
30,Male,Weight Loss,Normal,cardio,1,elliptical,0,0,15,none,0,0,0,none,0,0,0
51,Female,Muscle Gain,Underweight,legs,1,step-ups,5,9,0,leg press,4,12,0,bodyweight squats,4,12,0
37,Female,Maintain Fitness,Obese,cardio,1,elliptical,0,0,23,none,0,0,0,none,0,0,0
25,Male,Maintain Fitness,Obese,cardio,1,walking,0,0,31,none,0,0,0,none,0,0,0
38,Female,Muscle Gain,Overweight,pull,1,lat pulldown,5,9,0,face pulls,4,8,0,seated row,5,9,0
46,Male,Muscle Gain,Obese,cardio,1,light cycling,0,0,44,none,0,0,0,none,0,0,0
19,Male,Weight Loss,Normal,push,3,dumbbell press,3,14,0,bench press (barbell),3,15,0,dips,3,15,0
34,Male,Muscle Gain,Normal,cardio,3,jogging,0,0,40,none,0,0,0,none,0,0,0
55,Female,Weight Loss,Normal,cardio,1,walking,0,0,30,none,0,0,0,none,0,0,0
70,Female,Weight Loss,Obese,pull,1,lat pulldown,3,13,0,seated row,4,14,0,face pulls,3,13,0
42,Male,Weight Loss,Underweight,pull,3,chin-ups,3,12,0,pullups (assisted),3,13,0,barbell rows,4,13,0
44,Male,Maintain Fitness,Obese,pull,1,seated row,3,11,0,lat pulldown,3,8,0,face pulls,4,9,0
47,Female,Weight Loss,Normal,cardio,5,sprints,0,0,28,none,0,0,0,none,0,0,0
70,Male,Muscle Gain,Overweight,push,1,pushups,4,9,0,shoulder press (machine),4,11,0,bench press (machine),5,8,0
61,Female,Maintain Fitness,Underweight,cardio,1,light cycling,0,0,31,none,0,0,0,none,0,0,0
48,Female,Weight Loss,Overweight,legs,1,leg press,3,12,0,step-ups,4,14,0,bodyweight squats,3,15,0
60,Male,Weight Loss,Obese,push,1,pushups,4,14,0,bench press (machine),4,12,0,shoulder press (machine),4,13,0
28,Male,Muscle Gain,Underweight,legs,1,step-ups,5,8,0,leg press,5,12,0,bodyweight squats,4,11,0
22,Male,Maintain Fitness,Underweight,pull,5,deadlifts,3,11,0,muscle-ups,3,10,0,weighted pullups,4,12,0
54,Male,Maintain Fitness,Underweight,legs,1,bodyweight squats,3,9,0,leg press,4,9,0,step-ups,3,12,0
25,Female,Weight Loss,Obese,pull,1,lat pulldown,4,15,0,seated row,4,12,0,face pulls,4,13,0
62,Male,Maintain Fitness,Overweight,legs,1,leg press,4,11,0,bodyweight squats,4,10,0,step-ups,3,12,0
69,Female,Maintain Fitness,Overweight,cardio,1,light cycling,0,0,31,none,0,0,0,none,0,0,0
42,Male,Weight Loss,Obese,legs,1,leg press,3,14,0,step-ups,3,13,0,bodyweight squats,3,15,0
70,Female,Maintain Fitness,Underweight,push,1,bench press (machine),4,8,0,shoulder press (machine),4,10,0,pushups,4,9,0
65,Female,Weight Loss,Obese,push,1,bench press (machine),4,12,0,shoulder press (machine),3,15,0,pushups,4,13,0
59,Female,Muscle Gain,Underweight,pull,1,lat pulldown,5,10,0,face pulls,4,12,0,seated row,5,12,0
37,Male,Maintain Fitness,Overweight,cardio,1,light cycling,0,0,30,none,0,0,0,none,0,0,0
42,Female,Maintain Fitness,Overweight,cardio,1,light cycling,0,0,39,none,0,0,0,none,0,0,0
69,Female,Weight Loss,Overweight,legs,1,leg press,3,13,0,bodyweight squats,3,14,0,step-ups,3,12,0
64,Male,Maintain Fitness,Overweight,legs,1,bodyweight squats,3,12,0,leg press,3,8,0,step-ups,3,9,0
55,Male,Maintain Fitness,Underweight,push,1,shoulder press (machine),3,12,0,pushups,3,10,0,bench press (machine),4,11,0
28,Female,Muscle Gain,Normal,legs,5,bulgarian split squats,5,7,0,deadlifts,5,10,0,front squats,4,6,0
35,Female,Weight Loss,Overweight,push,1,bench press (machine),4,14,0,pushups,4,14,0,shoulder press (machine),3,15,0
60,Female,Maintain Fitness,Underweight,cardio,1,light cycling,0,0,34,none,0,0,0,none,0,0,0
49,Male,Muscle Gain,Normal,pull,1,lat pulldown,4,11,0,seated row,5,8,0,face pulls,4,11,0
25,Female,Muscle Gain,Underweight,legs,1,leg press,4,10,0,step-ups,5,7,0,bodyweight squats,5,7,0
29,Female,Weight Loss,Obese,legs,1,leg press,4,12,0,bodyweight squats,3,12,0,step-ups,3,12,0
55,Female,Maintain Fitness,Obese,pull,1,lat pulldown,4,10,0,face pulls,4,12,0,seated row,4,11,0
30,Male,Weight Loss,Underweight,legs,5,bulgarian split squats,4,13,0,deadlifts,3,12,0,front squats,4,15,0
59,Male,Maintain Fitness,Normal,pull,1,face pulls,4,11,0,lat pulldown,4,11,0,seated row,4,10,0
44,Female,Muscle Gain,Overweight,legs,1,step-ups,4,9,0,leg press,4,8,0,bodyweight squats,5,8,0
63,Male,Weight Loss,Overweight,push,1,shoulder press (machine),4,12,0,bench press (machine),3,14,0,pushups,4,15,0
56,Male,Muscle Gain,Underweight,push,1,shoulder press (machine),5,8,0,bench press (machine),4,8,0,pushups,5,7,0
69,Male,Weight Loss,Underweight,pull,1,face pulls,4,13,0,lat pulldown,4,14,0,seated row,4,14,0
70,Male,Maintain Fitness,Obese,cardio,1,walking,0,0,39,none,0,0,0,none,0,0,0
46,Female,Maintain Fitness,Overweight,push,1,shoulder press (machine),3,12,0,pushups,3,11,0,bench press (machine),3,12,0
68,Female,Muscle Gain,Normal,pull,1,lat pulldown,4,8,0,seated row,4,11,0,face pulls,5,7,0
26,Male,Muscle Gain,Overweight,push,1,pushups,5,9,0,shoulder press (machine),5,10,0,bench press (machine),4,9,0
43,Female,Muscle Gain,Obese,push,1,pushups,4,10,0,bench press (machine),4,12,0,shoulder press (machine),5,7,0
37,Male,Weight Loss,Underweight,cardio,5,stair climbing,0,0,31,none,0,0,0,none,0,0,0
57,Female,Maintain Fitness,Overweight,pull,1,face pulls,4,9,0,seated row,3,10,0,lat pulldown,4,11,0
63,Female,Maintain Fitness,Normal,cardio,1,walking,0,0,27,none,0,0,0,none,0,0,0
20,Female,Muscle Gain,Normal,push,5,overhead press,4,9,0,incline bench press,5,12,0,weighted dips,5,7,0
33,Male,Maintain Fitness,Underweight,push,5,overhead press,4,12,0,weighted dips,4,9,0,incline bench press,3,9,0
50,Male,Muscle Gain,Normal,cardio,1,elliptical,0,0,37,none,0,0,0,none,0,0,0
27,Male,Weight Loss,Overweight,legs,1,bodyweight squats,4,14,0,step-ups,3,15,0,leg press,3,15,0
24,Male,Muscle Gain,Overweight,legs,1,step-ups,5,6,0,bodyweight squats,4,11,0,leg press,4,8,0
39,Male,Maintain Fitness,Overweight,push,1,pushups,4,10,0,bench press (machine),4,10,0,shoulder press (machine),4,12,0
22,Male,Weight Loss,Overweight,pull,1,lat pulldown,4,13,0,seated row,4,15,0,face pulls,4,12,0
62,Female,Maintain Fitness,Underweight,push,1,shoulder press (machine),4,10,0,pushups,4,10,0,bench press (machine),3,8,0
21,Female,Weight Loss,Obese,pull,1,lat pulldown,3,13,0,face pulls,4,13,0,seated row,4,14,0
46,Female,Muscle Gain,Obese,push,1,bench press (machine),4,7,0,pushups,5,8,0,shoulder press (machine),5,8,0
23,Female,Maintain Fitness,Underweight,cardio,5,sprints,0,0,26,none,0,0,0,none,0,0,0
66,Male,Weight Loss,Underweight,push,1,pushups,4,12,0,shoulder press (machine),3,14,0,bench press (machine),4,13,0
63,Male,Weight Loss,Underweight,pull,1,lat pulldown,4,13,0,face pulls,4,13,0,seated row,3,13,0
29,Female,Weight Loss,Obese,push,1,pushups,3,12,0,shoulder press (machine),4,15,0,bench press (machine),3,12,0
26,Female,Maintain Fitness,Normal,pull,1,seated row,4,12,0,face pulls,3,10,0,lat pulldown,3,8,0
33,Male,Maintain Fitness,Underweight,pull,5,deadlifts,4,10,0,muscle-ups,4,12,0,weighted pullups,3,8,0
20,Male,Muscle Gain,Overweight,push,1,bench press (machine),4,11,0,shoulder press (machine),5,6,0,pushups,5,9,0
29,Female,Maintain Fitness,Overweight,push,1,pushups,4,12,0,shoulder press (machine),3,12,0,bench press (machine),4,9,0
33,Female,Muscle Gain,Overweight,pull,1,seated row,4,11,0,face pulls,5,6,0,lat pulldown,4,9,0
30,Female,Muscle Gain,Overweight,legs,1,bodyweight squats,4,7,0,leg press,4,12,0,step-ups,5,10,0
50,Female,Maintain Fitness,Underweight,pull,3,pullups (assisted),3,11,0,barbell rows,4,9,0,chin-ups,4,12,0
18,Female,Maintain Fitness,Underweight,cardio,3,swimming,0,0,30,none,0,0,0,none,0,0,0
49,Male,Maintain Fitness,Normal,legs,3,leg curls,4,10,0,lunges,4,12,0,barbell squats,4,11,0
69,Male,Muscle Gain,Underweight,push,1,shoulder press (machine),4,9,0,bench press (machine),4,8,0,pushups,5,10,0
41,Male,Maintain Fitness,Obese,legs,1,step-ups,3,10,0,bodyweight squats,4,10,0,leg press,3,12,0
59,Male,Weight Loss,Normal,cardio,1,elliptical,0,0,23,none,0,0,0,none,0,0,0
23,Female,Weight Loss,Obese,pull,1,seated row,4,13,0,face pulls,3,13,0,lat pulldown,3,13,0
53,Male,Weight Loss,Normal,legs,1,leg press,3,14,0,bodyweight squats,4,15,0,step-ups,4,12,0
21,Male,Weight Loss,Underweight,push,5,incline bench press,3,12,0,weighted dips,3,13,0,overhead press,4,12,0
28,Female,Weight Loss,Underweight,push,5,incline bench press,3,14,0,weighted dips,3,15,0,overhead press,4,12,0
39,Female,Muscle Gain,Overweight,legs,1,leg press,5,6,0,step-ups,4,7,0,bodyweight squats,4,12,0
69,Female,Maintain Fitness,Underweight,legs,1,step-ups,3,10,0,bodyweight squats,3,9,0,leg press,4,12,0
29,Male,Maintain Fitness,Underweight,pull,5,muscle-ups,4,10,0,weighted pullups,4,12,0,deadlifts,3,9,0
31,Female,Muscle Gain,Overweight,cardio,1,walking,0,0,38,none,0,0,0,none,0,0,0
19,Female,Weight Loss,Normal,pull,3,pullups (assisted),3,12,0,barbell rows,4,12,0,chin-ups,3,13,0
61,Male,Maintain Fitness,Normal,push,1,shoulder press (machine),3,10,0,pushups,4,11,0,bench press (machine),3,12,0
49,Female,Maintain Fitness,Obese,legs,1,leg press,4,12,0,step-ups,4,12,0,bodyweight squats,3,9,0
58,Female,Muscle Gain,Obese,push,1,shoulder press (machine),5,9,0,pushups,5,12,0,bench press (machine),5,6,0
34,Female,Maintain Fitness,Overweight,push,1,pushups,3,11,0,shoulder press (machine),4,8,0,bench press (machine),4,11,0
27,Male,Maintain Fitness,Normal,legs,5,deadlifts,4,11,0,front squats,4,12,0,bulgarian split squats,4,12,0
56,Male,Weight Loss,Obese,legs,1,step-ups,4,12,0,leg press,3,12,0,bodyweight squats,3,14,0
62,Female,Maintain Fitness,Obese,legs,1,bodyweight squats,3,8,0,leg press,4,10,0,step-ups,3,12,0
59,Female,Weight Loss,Obese,legs,1,step-ups,4,12,0,leg press,4,12,0,bodyweight squats,3,13,0
35,Male,Maintain Fitness,Underweight,pull,3,pullups (assisted),4,10,0,chin-ups,4,8,0,barbell rows,4,12,0
45,Female,Weight Loss,Underweight,pull,1,seated row,3,13,0,face pulls,4,15,0,lat pulldown,4,12,0
34,Female,Weight Loss,Obese,push,1,shoulder press (machine),3,14,0,pushups,4,12,0,bench press (machine),3,15,0
57,Female,Muscle Gain,Underweight,push,1,pushups,4,8,0,shoulder press (machine),5,11,0,bench press (machine),4,8,0
55,Female,Maintain Fitness,Obese,legs,1,step-ups,3,12,0,leg press,3,9,0,bodyweight squats,4,9,0
63,Female,Maintain Fitness,Overweight,cardio,1,walking,0,0,41,none,0,0,0,none,0,0,0
22,Male,Maintain Fitness,Underweight,pull,1,lat pulldown,3,9,0,seated row,4,8,0,face pulls,3,8,0
68,Female,Weight Loss,Underweight,push,1,bench press (machine),3,15,0,pushups,3,13,0,shoulder press (machine),3,12,0
37,Male,Weight Loss,Overweight,push,1,pushups,3,12,0,shoulder press (machine),4,13,0,bench press (machine),3,15,0
60,Male,Muscle Gain,Obese,legs,1,leg press,4,8,0,step-ups,5,9,0,bodyweight squats,5,6,0
62,Male,Maintain Fitness,Underweight,pull,1,lat pulldown,3,11,0,seated row,3,11,0,face pulls,3,12,0
52,Female,Maintain Fitness,Overweight,cardio,1,walking,0,0,41,none,0,0,0,none,0,0,0
53,Male,Maintain Fitness,Underweight,pull,1,lat pulldown,3,8,0,seated row,3,8,0,face pulls,4,9,0
30,Female,Maintain Fitness,Normal,pull,3,barbell rows,3,8,0,chin-ups,3,12,0,pullups (assisted),3,8,0
47,Female,Weight Loss,Obese,cardio,1,light cycling,0,0,45,none,0,0,0,none,0,0,0
43,Male,Maintain Fitness,Obese,legs,1,leg press,4,10,0,bodyweight squats,4,11,0,step-ups,3,9,0
66,Female,Maintain Fitness,Underweight,legs,1,leg press,4,12,0,step-ups,3,11,0,bodyweight squats,3,10,0
61,Male,Muscle Gain,Overweight,cardio,1,elliptical,0,0,44,none,0,0,0,none,0,0,0
27,Female,Maintain Fitness,Obese,cardio,1,light cycling,0,0,17,none,0,0,0,none,0,0,0
26,Male,Maintain Fitness,Overweight,legs,1,leg press,3,8,0,step-ups,4,11,0,bodyweight squats,4,10,0
45,Male,Weight Loss,Overweight,pull,1,lat pulldown,4,13,0,face pulls,3,12,0,seated row,3,14,0
67,Male,Muscle Gain,Obese,pull,1,face pulls,4,8,0,seated row,4,11,0,lat pulldown,5,9,0
52,Female,Maintain Fitness,Overweight,push,1,shoulder press (machine),3,8,0,bench press (machine),4,11,0,pushups,4,12,0
52,Female,Maintain Fitness,Obese,legs,1,leg press,4,12,0,step-ups,3,9,0,bodyweight squats,3,9,0
21,Male,Maintain Fitness,Normal,cardio,5,sprints,0,0,41,none,0,0,0,none,0,0,0
37,Male,Muscle Gain,Overweight,push,1,shoulder press (machine),4,8,0,pushups,4,11,0,bench press (machine),5,6,0
21,Male,Weight Loss,Underweight,cardio,5,HIIT,0,0,26,none,0,0,0,none,0,0,0
49,Male,Muscle Gain,Normal,pull,3,barbell rows,4,7,0,chin-ups,4,10,0,pullups (assisted),5,11,0
31,Female,Muscle Gain,Underweight,legs,5,front squats,5,6,0,bulgarian split squats,4,11,0,deadlifts,5,12,0
46,Male,Muscle Gain,Obese,cardio,1,elliptical,0,0,36,none,0,0,0,none,0,0,0
34,Female,Weight Loss,Overweight,cardio,1,light cycling,0,0,26,none,0,0,0,none,0,0,0
50,Male,Muscle Gain,Obese,pull,1,face pulls,5,11,0,lat pulldown,5,11,0,seated row,5,10,0
38,Female,Weight Loss,Overweight,legs,1,step-ups,3,14,0,bodyweight squats,3,13,0,leg press,3,13,0
42,Female,Muscle Gain,Normal,legs,3,leg curls,4,7,0,lunges,4,9,0,barbell squats,4,10,0
30,Female,Muscle Gain,Overweight,legs,1,step-ups,5,8,0,leg press,5,8,0,bodyweight squats,5,8,0
34,Female,Weight Loss,Underweight,legs,5,front squats,4,15,0,bulgarian split squats,4,14,0,deadlifts,3,15,0
22,Female,Weight Loss,Overweight,cardio,1,elliptical,0,0,25,none,0,0,0,none,0,0,0
66,Female,Maintain Fitness,Underweight,pull,1,seated row,4,8,0,face pulls,3,8,0,lat pulldown,3,9,0
28,Female,Maintain Fitness,Overweight,pull,1,face pulls,4,12,0,seated row,4,8,0,lat pulldown,3,8,0
58,Female,Maintain Fitness,Obese,pull,1,seated row,4,8,0,face pulls,3,10,0,lat pulldown,3,9,0
46,Male,Maintain Fitness,Overweight,push,1,shoulder press (machine),3,8,0,pushups,3,12,0,bench press (machine),3,11,0
33,Female,Maintain Fitness,Normal,push,5,incline bench press,3,9,0,weighted dips,4,12,0,overhead press,3,9,0
29,Male,Muscle Gain,Normal,legs,1,leg press,5,11,0,bodyweight squats,5,11,0,step-ups,5,9,0
66,Female,Weight Loss,Underweight,legs,1,leg press,4,13,0,step-ups,4,15,0,bodyweight squats,3,12,0
59,Male,Muscle Gain,Underweight,pull,1,seated row,4,9,0,lat pulldown,5,7,0,face pulls,5,6,0
20,Male,Muscle Gain,Underweight,push,5,overhead press,5,10,0,weighted dips,5,12,0,incline bench press,5,6,0
18,Male,Weight Loss,Overweight,pull,1,lat pulldown,4,13,0,seated row,3,14,0,face pulls,3,15,0
68,Female,Maintain Fitness,Normal,pull,1,lat pulldown,3,8,0,seated row,3,11,0,face pulls,4,12,0
65,Male,Weight Loss,Underweight,pull,1,lat pulldown,4,14,0,seated row,3,12,0,face pulls,3,12,0
32,Male,Maintain Fitness,Overweight,pull,1,face pulls,3,10,0,lat pulldown,3,10,0,seated row,3,9,0
47,Male,Muscle Gain,Overweight,cardio,1,elliptical,0,0,21,none,0,0,0,none,0,0,0
26,Male,Weight Loss,Overweight,pull,1,face pulls,3,14,0,seated row,4,12,0,lat pulldown,4,13,0
59,Female,Muscle Gain,Normal,pull,1,lat pulldown,4,8,0,face pulls,4,9,0,seated row,4,10,0
38,Female,Weight Loss,Obese,pull,1,face pulls,3,14,0,lat pulldown,3,12,0,seated row,3,12,0
48,Male,Maintain Fitness,Underweight,push,3,bench press (barbell),3,8,0,dumbbell press,3,8,0,dips,4,10,0
63,Female,Weight Loss,Normal,push,1,shoulder press (machine),3,15,0,bench press (machine),3,15,0,pushups,3,13,0
54,Female,Muscle Gain,Overweight,push,1,bench press (machine),4,12,0,pushups,5,8,0,shoulder press (machine),5,8,0
34,Female,Maintain Fitness,Obese,legs,1,leg press,4,9,0,bodyweight squats,3,9,0,step-ups,4,12,0
64,Female,Weight Loss,Obese,push,1,pushups,3,13,0,shoulder press (machine),3,15,0,bench press (machine),4,12,0
66,Female,Maintain Fitness,Normal,cardio,1,light cycling,0,0,26,none,0,0,0,none,0,0,0
69,Female,Muscle Gain,Obese,push,1,pushups,4,12,0,bench press (machine),4,10,0,shoulder press (machine),5,7,0
38,Female,Maintain Fitness,Underweight,pull,3,pullups (assisted),4,8,0,chin-ups,3,10,0,barbell rows,4,8,0
26,Female,Maintain Fitness,Overweight,push,1,shoulder press (machine),4,10,0,bench press (machine),4,11,0,pushups,4,12,0
33,Male,Maintain Fitness,Obese,pull,1,seated row,3,9,0,lat pulldown,3,8,0,face pulls,4,8,0
50,Female,Weight Loss,Obese,pull,1,lat pulldown,4,12,0,seated row,4,13,0,face pulls,4,15,0
62,Male,Muscle Gain,Normal,cardio,1,elliptical,0,0,17,none,0,0,0,none,0,0,0
40,Female,Weight Loss,Obese,legs,1,bodyweight squats,3,14,0,step-ups,4,13,0,leg press,3,13,0
61,Female,Muscle Gain,Overweight,push,1,pushups,4,11,0,shoulder press (machine),5,9,0,bench press (machine),4,12,0
30,Male,Weight Loss,Overweight,cardio,1,walking,0,0,40,none,0,0,0,none,0,0,0
63,Male,Muscle Gain,Obese,cardio,1,walking,0,0,25,none,0,0,0,none,0,0,0
68,Male,Weight Loss,Underweight,cardio,1,walking,0,0,19,none,0,0,0,none,0,0,0
26,Female,Weight Loss,Underweight,pull,5,muscle-ups,3,12,0,weighted pullups,4,14,0,deadlifts,4,15,0
36,Male,Weight Loss,Normal,pull,5,weighted pullups,4,13,0,deadlifts,3,12,0,muscle-ups,3,15,0
70,Female,Maintain Fitness,Obese,cardio,1,walking,0,0,20,none,0,0,0,none,0,0,0
26,Male,Weight Loss,Underweight,pull,3,barbell rows,3,13,0,pullups (assisted),4,14,0,chin-ups,3,15,0
57,Male,Weight Loss,Underweight,cardio,1,light cycling,0,0,20,none,0,0,0,none,0,0,0
63,Male,Muscle Gain,Underweight,legs,1,leg press,5,11,0,step-ups,4,9,0,bodyweight squats,4,11,0
51,Female,Weight Loss,Normal,push,1,shoulder press (machine),3,12,0,bench press (machine),4,12,0,pushups,3,13,0
37,Male,Weight Loss,Obese,legs,1,leg press,4,12,0,bodyweight squats,3,13,0,step-ups,3,15,0
36,Female,Maintain Fitness,Normal,pull,5,deadlifts,4,10,0,weighted pullups,4,10,0,muscle-ups,4,10,0
66,Male,Muscle Gain,Normal,legs,1,bodyweight squats,5,12,0,step-ups,5,10,0,leg press,4,12,0
63,Female,Maintain Fitness,Underweight,pull,1,lat pulldown,4,10,0,face pulls,3,8,0,seated row,3,10,0
43,Male,Maintain Fitness,Obese,cardio,1,light cycling,0,0,31,none,0,0,0,none,0,0,0
36,Female,Maintain Fitness,Obese,pull,1,face pulls,3,11,0,lat pulldown,4,12,0,seated row,4,8,0
59,Male,Maintain Fitness,Overweight,push,1,pushups,4,10,0,bench press (machine),3,10,0,shoulder press (machine),3,11,0
56,Male,Muscle Gain,Overweight,cardio,1,light cycling,0,0,29,none,0,0,0,none,0,0,0
44,Female,Weight Loss,Overweight,pull,1,seated row,4,13,0,lat pulldown,4,14,0,face pulls,3,15,0
56,Male,Weight Loss,Overweight,pull,1,face pulls,4,12,0,seated row,4,14,0,lat pulldown,4,12,0
42,Female,Maintain Fitness,Underweight,push,5,weighted dips,3,12,0,overhead press,4,9,0,incline bench press,4,11,0
64,Female,Muscle Gain,Normal,push,1,bench press (machine),5,12,0,pushups,4,11,0,shoulder press (machine),5,10,0
20,Female,Maintain Fitness,Overweight,legs,1,bodyweight squats,4,9,0,step-ups,4,9,0,leg press,4,11,0
45,Male,Weight Loss,Obese,push,1,bench press (machine),3,13,0,shoulder press (machine),3,14,0,pushups,3,13,0
55,Male,Maintain Fitness,Overweight,legs,1,leg press,4,11,0,step-ups,4,8,0,bodyweight squats,4,11,0
62,Female,Muscle Gain,Underweight,cardio,1,elliptical,0,0,25,none,0,0,0,none,0,0,0
36,Female,Maintain Fitness,Normal,legs,5,front squats,4,10,0,bulgarian split squats,4,10,0,deadlifts,4,8,0
51,Female,Muscle Gain,Overweight,cardio,1,walking,0,0,21,none,0,0,0,none,0,0,0
48,Female,Muscle Gain,Obese,legs,1,step-ups,4,7,0,leg press,4,10,0,bodyweight squats,5,12,0
26,Male,Maintain Fitness,Overweight,push,1,shoulder press (machine),4,11,0,bench press (machine),3,12,0,pushups,3,10,0
22,Male,Muscle Gain,Overweight,legs,1,bodyweight squats,4,7,0,leg press,4,9,0,step-ups,4,7,0
38,Female,Weight Loss,Overweight,push,1,bench press (machine),3,13,0,shoulder press (machine),4,15,0,pushups,4,12,0
52,Male,Weight Loss,Overweight,push,1,bench press (machine),4,15,0,pushups,4,14,0,shoulder press (machine),3,15,0
35,Male,Maintain Fitness,Obese,pull,1,lat pulldown,4,10,0,face pulls,4,8,0,seated row,3,11,0
27,Male,Weight Loss,Obese,push,1,shoulder press (machine),3,15,0,pushups,3,14,0,bench press (machine),4,14,0
53,Female,Maintain Fitness,Obese,push,1,shoulder press (machine),3,9,0,pushups,4,11,0,bench press (machine),4,9,0
21,Male,Maintain Fitness,Overweight,cardio,1,elliptical,0,0,19,none,0,0,0,none,0,0,0
18,Male,Muscle Gain,Overweight,pull,1,seated row,5,7,0,lat pulldown,5,12,0,face pulls,4,10,0
58,Female,Weight Loss,Underweight,legs,1,bodyweight squats,4,15,0,step-ups,4,15,0,leg press,4,13,0
58,Female,Weight Loss,Obese,cardio,1,walking,0,0,25,none,0,0,0,none,0,0,0
42,Male,Muscle Gain,Normal,pull,1,face pulls,4,12,0,seated row,4,6,0,lat pulldown,5,8,0
43,Male,Weight Loss,Obese,pull,1,face pulls,4,14,0,lat pulldown,3,13,0,seated row,3,15,0
50,Female,Maintain Fitness,Normal,cardio,5,HIIT,0,0,24,none,0,0,0,none,0,0,0
50,Male,Muscle Gain,Overweight,push,1,pushups,4,12,0,shoulder press (machine),4,6,0,bench press (machine),4,8,0
46,Male,Weight Loss,Normal,cardio,1,light cycling,0,0,42,none,0,0,0,none,0,0,0
21,Male,Maintain Fitness,Obese,push,1,shoulder press (machine),3,8,0,pushups,4,8,0,bench press (machine),3,11,0
68,Male,Weight Loss,Underweight,legs,1,bodyweight squats,3,15,0,step-ups,3,12,0,leg press,4,13,0
51,Male,Maintain Fitness,Obese,legs,1,bodyweight squats,4,11,0,step-ups,4,11,0,leg press,4,12,0
30,Female,Muscle Gain,Overweight,pull,1,seated row,5,8,0,lat pulldown,5,7,0,face pulls,5,6,0
23,Female,Maintain Fitness,Obese,pull,1,seated row,3,8,0,face pulls,4,12,0,lat pulldown,3,10,0
54,Male,Muscle Gain,Normal,push,1,bench press (machine),5,10,0,pushups,5,12,0,shoulder press (machine),4,12,0
45,Female,Maintain Fitness,Obese,legs,1,bodyweight squats,3,12,0,step-ups,4,10,0,leg press,3,12,0
48,Male,Muscle Gain,Overweight,push,1,pushups,5,7,0,shoulder press (machine),5,8,0,bench press (machine),4,9,0
59,Female,Muscle Gain,Underweight,pull,1,seated row,5,7,0,face pulls,5,9,0,lat pulldown,4,12,0
19,Male,Weight Loss,Underweight,legs,1,leg press,4,12,0,step-ups,3,12,0,bodyweight squats,4,12,0
45,Male,Weight Loss,Overweight,legs,1,step-ups,4,14,0,leg press,4,14,0,bodyweight squats,3,14,0
25,Female,Maintain Fitness,Underweight,push,5,overhead press,3,11,0,incline bench press,4,11,0,weighted dips,3,9,0
31,Female,Muscle Gain,Obese,pull,1,face pulls,4,7,0,seated row,4,7,0,lat pulldown,4,10,0
43,Female,Maintain Fitness,Underweight,legs,3,leg curls,4,12,0,barbell squats,3,12,0,lunges,4,8,0
46,Male,Muscle Gain,Normal,legs,5,bulgarian split squats,4,9,0,front squats,5,6,0,deadlifts,5,12,0
69,Female,Muscle Gain,Normal,cardio,1,walking,0,0,32,none,0,0,0,none,0,0,0
59,Male,Muscle Gain,Obese,push,1,shoulder press (machine),4,9,0,pushups,4,7,0,bench press (machine),4,11,0
18,Male,Muscle Gain,Underweight,cardio,5,HIIT,0,0,29,none,0,0,0,none,0,0,0
18,Male,Maintain Fitness,Underweight,pull,1,lat pulldown,3,10,0,seated row,3,9,0,face pulls,3,9,0
40,Male,Muscle Gain,Overweight,push,1,pushups,4,11,0,bench press (machine),4,6,0,shoulder press (machine),5,6,0
63,Male,Muscle Gain,Normal,push,1,shoulder press (machine),4,10,0,bench press (machine),4,7,0,pushups,4,7,0
29,Female,Maintain Fitness,Overweight,pull,1,lat pulldown,3,10,0,seated row,4,9,0,face pulls,3,8,0
27,Female,Weight Loss,Underweight,legs,3,lunges,3,15,0,leg curls,4,15,0,barbell squats,3,12,0
45,Male,Maintain Fitness,Overweight,push,1,shoulder press (machine),4,10,0,pushups,3,10,0,bench press (machine),4,10,0
46,Male,Weight Loss,Overweight,push,1,shoulder press (machine),4,15,0,bench press (machine),3,12,0,pushups,3,15,0
19,Male,Muscle Gain,Overweight,pull,1,lat pulldown,5,11,0,face pulls,5,11,0,seated row,5,8,0
66,Male,Muscle Gain,Overweight,cardio,1,light cycling,0,0,26,none,0,0,0,none,0,0,0
33,Male,Weight Loss,Normal,cardio,5,stair climbing,0,0,31,none,0,0,0,none,0,0,0
29,Female,Weight Loss,Underweight,push,3,bench press (barbell),4,12,0,dumbbell press,4,12,0,dips,3,12,0
29,Male,Muscle Gain,Overweight,push,1,shoulder press (machine),5,7,0,pushups,5,8,0,bench press (machine),5,12,0
69,Female,Weight Loss,Underweight,pull,1,face pulls,3,13,0,lat pulldown,3,13,0,seated row,4,13,0
68,Male,Muscle Gain,Normal,cardio,1,walking,0,0,45,none,0,0,0,none,0,0,0
45,Male,Muscle Gain,Underweight,cardio,3,swimming,0,0,33,none,0,0,0,none,0,0,0
31,Male,Muscle Gain,Underweight,pull,3,barbell rows,4,9,0,chin-ups,4,7,0,pullups (assisted),4,7,0
62,Male,Maintain Fitness,Underweight,push,1,shoulder press (machine),4,9,0,bench press (machine),4,12,0,pushups,4,8,0
20,Female,Weight Loss,Normal,pull,5,deadlifts,4,14,0,muscle-ups,3,13,0,weighted pullups,4,12,0
35,Male,Weight Loss,Overweight,cardio,1,walking,0,0,36,none,0,0,0,none,0,0,0
53,Female,Weight Loss,Overweight,legs,1,bodyweight squats,4,13,0,step-ups,4,13,0,leg press,3,15,0
65,Male,Muscle Gain,Overweight,pull,1,seated row,5,10,0,face pulls,4,8,0,lat pulldown,5,12,0
34,Male,Maintain Fitness,Underweight,pull,1,face pulls,4,12,0,seated row,4,9,0,lat pulldown,3,11,0
20,Female,Maintain Fitness,Underweight,pull,5,weighted pullups,3,9,0,deadlifts,3,12,0,muscle-ups,3,12,0
69,Male,Weight Loss,Underweight,pull,1,lat pulldown,3,15,0,face pulls,4,12,0,seated row,3,13,0
29,Female,Muscle Gain,Underweight,push,3,dips,5,8,0,bench press (barbell),5,8,0,dumbbell press,4,9,0
63,Male,Maintain Fitness,Underweight,cardio,1,elliptical,0,0,39,none,0,0,0,none,0,0,0
62,Female,Muscle Gain,Underweight,cardio,1,light cycling,0,0,15,none,0,0,0,none,0,0,0
58,Female,Muscle Gain,Overweight,cardio,1,elliptical,0,0,35,none,0,0,0,none,0,0,0
46,Female,Muscle Gain,Underweight,cardio,3,swimming,0,0,18,none,0,0,0,none,0,0,0
25,Male,Muscle Gain,Obese,push,1,bench press (machine),5,9,0,pushups,4,7,0,shoulder press (machine),5,11,0
50,Male,Maintain Fitness,Normal,legs,3,leg curls,4,12,0,barbell squats,4,12,0,lunges,3,8,0
60,Female,Weight Loss,Obese,pull,1,seated row,4,15,0,lat pulldown,3,13,0,face pulls,4,14,0
52,Female,Muscle Gain,Obese,pull,1,lat pulldown,5,9,0,face pulls,5,8,0,seated row,5,12,0
31,Female,Muscle Gain,Underweight,pull,1,lat pulldown,4,11,0,seated row,5,10,0,face pulls,5,9,0
20,Male,Maintain Fitness,Normal,pull,3,pullups (assisted),3,10,0,chin-ups,3,12,0,barbell rows,4,10,0
47,Female,Weight Loss,Overweight,pull,1,lat pulldown,4,13,0,face pulls,4,12,0,seated row,4,14,0
68,Male,Maintain Fitness,Obese,legs,1,step-ups,4,12,0,bodyweight squats,3,8,0,leg press,3,12,0
37,Female,Maintain Fitness,Underweight,cardio,1,light cycling,0,0,43,none,0,0,0,none,0,0,0
52,Female,Maintain Fitness,Obese,pull,1,lat pulldown,4,10,0,seated row,4,12,0,face pulls,4,11,0
56,Male,Maintain Fitness,Normal,legs,1,bodyweight squats,4,11,0,leg press,3,8,0,step-ups,4,10,0
68,Male,Muscle Gain,Overweight,push,1,pushups,4,11,0,bench press (machine),4,7,0,shoulder press (machine),5,9,0
22,Male,Weight Loss,Normal,pull,1,seated row,3,12,0,face pulls,3,12,0,lat pulldown,3,14,0
41,Male,Maintain Fitness,Underweight,push,5,incline bench press,3,10,0,weighted dips,3,8,0,overhead press,3,10,0
65,Female,Weight Loss,Obese,pull,1,face pulls,3,14,0,seated row,3,15,0,lat pulldown,3,13,0
38,Male,Muscle Gain,Normal,cardio,5,stair climbing,0,0,45,none,0,0,0,none,0,0,0
20,Female,Weight Loss,Underweight,pull,1,face pulls,4,12,0,seated row,4,14,0,lat pulldown,3,14,0
53,Female,Muscle Gain,Overweight,pull,1,face pulls,5,8,0,lat pulldown,4,7,0,seated row,5,8,0
58,Male,Muscle Gain,Underweight,legs,1,step-ups,4,11,0,bodyweight squats,4,10,0,leg press,5,10,0
69,Female,Muscle Gain,Overweight,push,1,bench press (machine),5,9,0,shoulder press (machine),5,10,0,pushups,4,11,0
56,Female,Weight Loss,Overweight,push,1,bench press (machine),3,14,0,pushups,3,15,0,shoulder press (machine),3,14,0
64,Female,Muscle Gain,Normal,cardio,1,light cycling,0,0,32,none,0,0,0,none,0,0,0
22,Female,Weight Loss,Obese,pull,1,face pulls,4,13,0,seated row,3,13,0,lat pulldown,4,13,0
37,Female,Maintain Fitness,Obese,legs,1,step-ups,4,10,0,leg press,3,8,0,bodyweight squats,3,8,0
63,Female,Weight Loss,Underweight,legs,1,leg press,3,12,0,bodyweight squats,4,15,0,step-ups,4,14,0
36,Female,Maintain Fitness,Underweight,legs,5,front squats,4,12,0,deadlifts,3,8,0,bulgarian split squats,4,10,0
39,Male,Weight Loss,Normal,push,1,shoulder press (machine),4,14,0,pushups,4,14,0,bench press (machine),3,12,0
56,Male,Weight Loss,Normal,push,1,shoulder press (machine),4,15,0,bench press (machine),3,14,0,pushups,4,13,0
30,Male,Weight Loss,Underweight,pull,3,chin-ups,4,13,0,barbell rows,3,13,0,pullups (assisted),3,15,0
50,Female,Muscle Gain,Obese,push,1,pushups,5,12,0,shoulder press (machine),4,10,0,bench press (machine),4,6,0
45,Female,Muscle Gain,Obese,pull,1,face pulls,5,11,0,seated row,4,7,0,lat pulldown,4,6,0
67,Female,Maintain Fitness,Normal,legs,1,leg press,3,8,0,step-ups,4,10,0,bodyweight squats,3,10,0
67,Male,Maintain Fitness,Normal,cardio,1,walking,0,0,29,none,0,0,0,none,0,0,0
68,Male,Muscle Gain,Underweight,cardio,1,walking,0,0,40,none,0,0,0,none,0,0,0
40,Male,Weight Loss,Normal,push,1,bench press (machine),3,13,0,pushups,3,14,0,shoulder press (machine),4,12,0
26,Male,Weight Loss,Overweight,pull,1,lat pulldown,3,12,0,face pulls,3,13,0,seated row,3,14,0
41,Male,Weight Loss,Obese,push,1,pushups,3,15,0,shoulder press (machine),3,15,0,bench press (machine),3,14,0
32,Male,Maintain Fitness,Normal,legs,3,lunges,3,9,0,barbell squats,3,8,0,leg curls,4,10,0
30,Male,Weight Loss,Normal,pull,1,face pulls,4,15,0,seated row,3,13,0,lat pulldown,3,12,0
40,Male,Weight Loss,Overweight,pull,1,seated row,4,12,0,face pulls,3,12,0,lat pulldown,4,13,0
55,Male,Maintain Fitness,Underweight,legs,1,step-ups,4,9,0,leg press,4,11,0,bodyweight squats,4,9,0
57,Female,Weight Loss,Normal,pull,1,face pulls,3,13,0,seated row,4,15,0,lat pulldown,3,13,0
27,Male,Muscle Gain,Underweight,push,3,dips,5,9,0,dumbbell press,4,9,0,bench press (barbell),5,11,0
67,Female,Weight Loss,Obese,push,1,pushups,4,13,0,bench press (machine),3,13,0,shoulder press (machine),3,15,0
62,Female,Muscle Gain,Overweight,legs,1,step-ups,4,8,0,leg press,4,8,0,bodyweight squats,4,12,0
54,Male,Weight Loss,Obese,legs,1,leg press,3,14,0,step-ups,4,12,0,bodyweight squats,4,13,0
23,Female,Muscle Gain,Underweight,push,5,incline bench press,5,10,0,overhead press,5,9,0,weighted dips,5,12,0
32,Female,Weight Loss,Normal,pull,5,weighted pullups,3,13,0,muscle-ups,4,14,0,deadlifts,4,12,0
45,Female,Muscle Gain,Underweight,push,5,weighted dips,4,11,0,incline bench press,4,10,0,overhead press,4,7,0
51,Female,Weight Loss,Overweight,pull,1,seated row,4,12,0,lat pulldown,4,15,0,face pulls,4,13,0
54,Male,Weight Loss,Normal,push,1,bench press (machine),4,14,0,shoulder press (machine),3,14,0,pushups,4,12,0
58,Male,Weight Loss,Obese,push,1,shoulder press (machine),4,12,0,pushups,4,14,0,bench press (machine),3,14,0
37,Female,Weight Loss,Obese,pull,1,face pulls,4,12,0,lat pulldown,4,14,0,seated row,3,12,0
25,Female,Muscle Gain,Normal,legs,5,deadlifts,5,11,0,front squats,5,8,0,bulgarian split squats,4,7,0
22,Female,Maintain Fitness,Underweight,push,5,overhead press,3,10,0,incline bench press,3,8,0,weighted dips,3,11,0
26,Female,Muscle Gain,Obese,pull,1,face pulls,5,6,0,lat pulldown,5,7,0,seated row,5,6,0
41,Female,Maintain Fitness,Overweight,pull,1,lat pulldown,3,12,0,face pulls,3,11,0,seated row,4,10,0
24,Female,Muscle Gain,Underweight,cardio,5,HIIT,0,0,33,none,0,0,0,none,0,0,0
44,Female,Weight Loss,Underweight,cardio,1,light cycling,0,0,15,none,0,0,0,none,0,0,0
36,Male,Maintain Fitness,Overweight,pull,1,lat pulldown,3,9,0,seated row,3,12,0,face pulls,3,10,0
48,Female,Weight Loss,Normal,pull,3,chin-ups,4,15,0,barbell rows,4,14,0,pullups (assisted),3,13,0
61,Male,Weight Loss,Normal,push,1,shoulder press (machine),3,15,0,pushups,4,12,0,bench press (machine),4,13,0
62,Male,Muscle Gain,Overweight,legs,1,leg press,5,8,0,bodyweight squats,4,11,0,step-ups,5,9,0
34,Male,Weight Loss,Normal,push,3,bench press (barbell),4,15,0,dips,3,13,0,dumbbell press,3,15,0
48,Male,Muscle Gain,Normal,cardio,1,elliptical,0,0,40,none,0,0,0,none,0,0,0
49,Female,Maintain Fitness,Normal,cardio,5,sprints,0,0,15,none,0,0,0,none,0,0,0
50,Female,Muscle Gain,Normal,pull,5,weighted pullups,5,11,0,deadlifts,4,8,0,muscle-ups,5,7,0
54,Female,Maintain Fitness,Underweight,push,1,shoulder press (machine),4,11,0,bench press (machine),4,8,0,pushups,3,10,0
37,Female,Maintain Fitness,Obese,pull,1,face pulls,3,11,0,lat pulldown,3,12,0,seated row,3,11,0
21,Male,Muscle Gain,Obese,legs,1,step-ups,5,10,0,leg press,4,8,0,bodyweight squats,4,10,0
24,Female,Maintain Fitness,Overweight,legs,1,leg press,3,9,0,step-ups,4,12,0,bodyweight squats,4,10,0
36,Male,Maintain Fitness,Overweight,legs,1,leg press,4,10,0,bodyweight squats,3,12,0,step-ups,3,9,0
55,Male,Muscle Gain,Overweight,legs,1,step-ups,4,7,0,leg press,4,9,0,bodyweight squats,5,8,0
65,Male,Weight Loss,Normal,legs,1,bodyweight squats,3,15,0,leg press,3,13,0,step-ups,4,15,0
32,Female,Maintain Fitness,Obese,cardio,1,elliptical,0,0,35,none,0,0,0,none,0,0,0
56,Male,Muscle Gain,Obese,push,1,pushups,5,10,0,shoulder press (machine),5,6,0,bench press (machine),4,9,0
56,Male,Muscle Gain,Overweight,pull,1,face pulls,5,9,0,lat pulldown,5,10,0,seated row,4,6,0
62,Male,Weight Loss,Normal,legs,1,leg press,4,12,0,step-ups,3,14,0,bodyweight squats,3,13,0
62,Female,Maintain Fitness,Obese,cardio,1,elliptical,0,0,31,none,0,0,0,none,0,0,0
50,Female,Maintain Fitness,Underweight,cardio,3,jogging,0,0,18,none,0,0,0,none,0,0,0
27,Male,Weight Loss,Overweight,cardio,1,light cycling,0,0,19,none,0,0,0,none,0,0,0
32,Male,Weight Loss,Normal,pull,1,face pulls,4,13,0,lat pulldown,3,15,0,seated row,3,14,0
53,Female,Maintain Fitness,Underweight,cardio,1,walking,0,0,28,none,0,0,0,none,0,0,0
22,Male,Maintain Fitness,Normal,push,3,dumbbell press,3,9,0,bench press (barbell),3,12,0,dips,3,12,0
52,Female,Muscle Gain,Underweight,cardio,1,walking,0,0,15,none,0,0,0,none,0,0,0
39,Male,Maintain Fitness,Overweight,legs,1,bodyweight squats,4,8,0,step-ups,3,8,0,leg press,3,10,0
35,Male,Maintain Fitness,Normal,legs,5,front squats,3,12,0,deadlifts,3,12,0,bulgarian split squats,3,11,0
44,Male,Weight Loss,Underweight,push,1,pushups,4,12,0,bench press (machine),4,13,0,shoulder press (machine),4,12,0
31,Female,Weight Loss,Overweight,legs,1,step-ups,3,12,0,leg press,4,12,0,bodyweight squats,4,15,0
70,Female,Muscle Gain,Normal,pull,1,seated row,4,6,0,lat pulldown,5,9,0,face pulls,5,7,0
53,Female,Weight Loss,Underweight,push,1,shoulder press (machine),3,15,0,bench press (machine),4,13,0,pushups,3,12,0
65,Female,Maintain Fitness,Obese,push,1,pushups,3,9,0,bench press (machine),4,9,0,shoulder press (machine),3,9,0
45,Male,Muscle Gain,Underweight,cardio,1,light cycling,0,0,41,none,0,0,0,none,0,0,0
52,Male,Maintain Fitness,Normal,push,1,pushups,3,11,0,shoulder press (machine),4,12,0,bench press (machine),3,12,0
57,Female,Weight Loss,Underweight,pull,1,lat pulldown,3,13,0,seated row,4,13,0,face pulls,4,15,0
49,Male,Muscle Gain,Normal,legs,3,barbell squats,5,11,0,leg curls,5,6,0,lunges,5,10,0
32,Male,Muscle Gain,Obese,push,1,pushups,4,7,0,shoulder press (machine),5,10,0,bench press (machine),5,11,0
37,Female,Weight Loss,Obese,push,1,shoulder press (machine),4,15,0,pushups,3,14,0,bench press (machine),3,15,0
53,Female,Maintain Fitness,Normal,pull,1,seated row,4,10,0,lat pulldown,4,11,0,face pulls,4,12,0
21,Male,Weight Loss,Obese,pull,1,face pulls,4,13,0,seated row,3,15,0,lat pulldown,3,13,0
40,Female,Weight Loss,Obese,legs,1,step-ups,3,15,0,bodyweight squats,3,12,0,leg press,3,14,0
25,Male,Maintain Fitness,Underweight,legs,3,barbell squats,4,8,0,lunges,4,10,0,leg curls,3,8,0
62,Male,Muscle Gain,Overweight,legs,1,leg press,4,10,0,bodyweight squats,5,6,0,step-ups,5,7,0
55,Female,Maintain Fitness,Underweight,pull,1,face pulls,4,10,0,seated row,3,11,0,lat pulldown,3,8,0
70,Male,Weight Loss,Obese,push,1,pushups,4,14,0,shoulder press (machine),4,15,0,bench press (machine),4,15,0
19,Male,Maintain Fitness,Obese,pull,1,seated row,4,8,0,lat pulldown,4,12,0,face pulls,3,11,0
27,Male,Weight Loss,Normal,pull,3,chin-ups,4,15,0,barbell rows,3,14,0,pullups (assisted),3,12,0
40,Male,Maintain Fitness,Overweight,pull,1,seated row,4,8,0,face pulls,4,8,0,lat pulldown,3,11,0
68,Female,Maintain Fitness,Overweight,cardio,1,walking,0,0,40,none,0,0,0,none,0,0,0
49,Male,Maintain Fitness,Overweight,pull,1,face pulls,4,9,0,seated row,3,8,0,lat pulldown,4,12,0
63,Male,Muscle Gain,Underweight,pull,1,face pulls,4,11,0,seated row,5,12,0,lat pulldown,4,6,0
21,Male,Muscle Gain,Obese,pull,1,seated row,5,6,0,lat pulldown,4,12,0,face pulls,4,11,0
33,Male,Maintain Fitness,Overweight,pull,1,face pulls,3,9,0,seated row,4,11,0,lat pulldown,3,9,0
39,Male,Maintain Fitness,Normal,pull,1,face pulls,4,12,0,seated row,4,12,0,lat pulldown,3,8,0
19,Female,Weight Loss,Obese,push,1,shoulder press (machine),4,15,0,bench press (machine),4,13,0,pushups,3,12,0
39,Male,Muscle Gain,Obese,legs,1,step-ups,4,6,0,bodyweight squats,5,11,0,leg press,5,7,0
54,Female,Maintain Fitness,Underweight,legs,1,bodyweight squats,4,10,0,leg press,4,10,0,step-ups,3,12,0
25,Female,Weight Loss,Overweight,legs,1,bodyweight squats,4,13,0,leg press,4,13,0,step-ups,4,13,0
59,Female,Maintain Fitness,Underweight,cardio,1,light cycling,0,0,18,none,0,0,0,none,0,0,0
39,Male,Muscle Gain,Normal,pull,1,face pulls,4,8,0,lat pulldown,4,12,0,seated row,5,10,0
18,Female,Maintain Fitness,Normal,pull,1,seated row,4,12,0,lat pulldown,3,11,0,face pulls,4,8,0
22,Male,Muscle Gain,Overweight,legs,1,leg press,4,12,0,bodyweight squats,5,9,0,step-ups,5,6,0
69,Male,Muscle Gain,Obese,pull,1,face pulls,5,7,0,seated row,4,6,0,lat pulldown,4,7,0
49,Female,Maintain Fitness,Normal,push,1,pushups,3,10,0,bench press (machine),3,9,0,shoulder press (machine),4,9,0
65,Male,Muscle Gain,Obese,cardio,1,light cycling,0,0,20,none,0,0,0,none,0,0,0
55,Female,Muscle Gain,Obese,cardio,1,walking,0,0,21,none,0,0,0,none,0,0,0
46,Female,Maintain Fitness,Normal,legs,5,deadlifts,3,8,0,bulgarian split squats,4,10,0,front squats,3,12,0
20,Male,Maintain Fitness,Normal,legs,1,bodyweight squats,3,8,0,step-ups,4,11,0,leg press,4,10,0
41,Female,Maintain Fitness,Obese,push,1,bench press (machine),3,12,0,shoulder press (machine),4,8,0,pushups,3,8,0
56,Male,Muscle Gain,Overweight,push,1,shoulder press (machine),4,6,0,pushups,5,7,0,bench press (machine),4,6,0
43,Male,Maintain Fitness,Obese,pull,1,face pulls,3,8,0,seated row,3,11,0,lat pulldown,3,8,0
32,Female,Muscle Gain,Normal,legs,5,front squats,4,6,0,bulgarian split squats,5,9,0,deadlifts,5,9,0
67,Male,Weight Loss,Obese,legs,1,bodyweight squats,4,14,0,step-ups,4,15,0,leg press,4,13,0
38,Female,Maintain Fitness,Overweight,legs,1,step-ups,4,10,0,leg press,3,9,0,bodyweight squats,4,11,0
66,Female,Weight Loss,Underweight,cardio,1,walking,0,0,35,none,0,0,0,none,0,0,0
67,Female,Muscle Gain,Underweight,pull,1,seated row,4,7,0,lat pulldown,4,8,0,face pulls,5,10,0
31,Female,Muscle Gain,Normal,pull,3,pullups (assisted),4,11,0,barbell rows,5,8,0,chin-ups,5,9,0
55,Female,Maintain Fitness,Underweight,legs,1,step-ups,4,12,0,bodyweight squats,3,10,0,leg press,3,9,0
36,Male,Weight Loss,Overweight,cardio,1,elliptical,0,0,41,none,0,0,0,none,0,0,0
47,Female,Weight Loss,Underweight,pull,5,muscle-ups,3,13,0,weighted pullups,3,12,0,deadlifts,3,12,0
33,Female,Weight Loss,Obese,legs,1,step-ups,3,15,0,bodyweight squats,3,12,0,leg press,3,12,0
30,Female,Muscle Gain,Underweight,pull,1,face pulls,4,6,0,seated row,4,8,0,lat pulldown,5,11,0
41,Male,Weight Loss,Obese,push,1,bench press (machine),4,14,0,shoulder press (machine),3,15,0,pushups,3,15,0
46,Male,Weight Loss,Obese,legs,1,bodyweight squats,4,15,0,leg press,3,12,0,step-ups,3,15,0
28,Female,Maintain Fitness,Normal,legs,3,lunges,4,12,0,barbell squats,4,11,0,leg curls,3,11,0
52,Female,Muscle Gain,Overweight,cardio,1,light cycling,0,0,15,none,0,0,0,none,0,0,0
65,Male,Maintain Fitness,Obese,cardio,1,light cycling,0,0,31,none,0,0,0,none,0,0,0
26,Male,Muscle Gain,Normal,cardio,3,swimming,0,0,41,none,0,0,0,none,0,0,0
65,Female,Weight Loss,Obese,cardio,1,walking,0,0,17,none,0,0,0,none,0,0,0
22,Female,Muscle Gain,Obese,legs,1,bodyweight squats,5,10,0,step-ups,5,8,0,leg press,4,12,0
57,Female,Muscle Gain,Overweight,pull,1,lat pulldown,5,6,0,seated row,4,9,0,face pulls,4,8,0
61,Female,Muscle Gain,Underweight,push,1,bench press (machine),4,11,0,shoulder press (machine),4,9,0,pushups,4,11,0
25,Male,Maintain Fitness,Overweight,cardio,1,light cycling,0,0,30,none,0,0,0,none,0,0,0
67,Male,Maintain Fitness,Normal,pull,1,seated row,3,11,0,face pulls,4,12,0,lat pulldown,3,8,0
61,Male,Maintain Fitness,Obese,push,1,pushups,4,9,0,shoulder press (machine),4,8,0,bench press (machine),4,9,0
41,Male,Muscle Gain,Overweight,push,1,bench press (machine),4,12,0,shoulder press (machine),5,12,0,pushups,4,12,0
31,Male,Maintain Fitness,Overweight,cardio,1,elliptical,0,0,30,none,0,0,0,none,0,0,0
35,Male,Weight Loss,Underweight,cardio,3,swimming,0,0,38,none,0,0,0,none,0,0,0
25,Male,Maintain Fitness,Normal,push,3,bench press (barbell),3,8,0,dumbbell press,3,8,0,dips,4,9,0
40,Male,Muscle Gain,Underweight,pull,3,chin-ups,5,9,0,pullups (assisted),4,10,0,barbell rows,5,6,0
49,Female,Muscle Gain,Obese,pull,1,lat pulldown,5,12,0,face pulls,5,11,0,seated row,4,10,0
67,Male,Muscle Gain,Overweight,cardio,1,walking,0,0,31,none,0,0,0,none,0,0,0
28,Male,Muscle Gain,Underweight,pull,1,seated row,4,10,0,lat pulldown,5,9,0,face pulls,4,11,0
53,Female,Muscle Gain,Underweight,push,1,pushups,4,8,0,shoulder press (machine),5,7,0,bench press (machine),5,11,0
27,Male,Muscle Gain,Normal,cardio,1,elliptical,0,0,26,none,0,0,0,none,0,0,0
20,Female,Muscle Gain,Normal,cardio,5,stair climbing,0,0,28,none,0,0,0,none,0,0,0
65,Female,Maintain Fitness,Normal,cardio,1,light cycling,0,0,17,none,0,0,0,none,0,0,0
47,Female,Weight Loss,Obese,pull,1,lat pulldown,4,15,0,face pulls,4,13,0,seated row,3,15,0
31,Male,Muscle Gain,Normal,legs,3,lunges,5,7,0,leg curls,4,8,0,barbell squats,4,11,0
45,Female,Weight Loss,Underweight,cardio,1,light cycling,0,0,23,none,0,0,0,none,0,0,0
44,Female,Maintain Fitness,Obese,legs,1,leg press,3,10,0,step-ups,4,9,0,bodyweight squats,4,8,0
67,Female,Muscle Gain,Overweight,push,1,pushups,4,12,0,bench press (machine),4,12,0,shoulder press (machine),4,6,0
53,Male,Weight Loss,Obese,pull,1,face pulls,4,12,0,lat pulldown,4,15,0,seated row,4,14,0
55,Male,Muscle Gain,Underweight,cardio,1,light cycling,0,0,36,none,0,0,0,none,0,0,0
21,Male,Muscle Gain,Obese,push,1,bench press (machine),5,8,0,shoulder press (machine),5,12,0,pushups,5,10,0
29,Male,Maintain Fitness,Underweight,cardio,1,walking,0,0,38,none,0,0,0,none,0,0,0
51,Male,Weight Loss,Normal,cardio,1,light cycling,0,0,23,none,0,0,0,none,0,0,0
68,Male,Weight Loss,Obese,legs,1,bodyweight squats,3,12,0,leg press,3,13,0,step-ups,3,12,0
66,Female,Maintain Fitness,Overweight,pull,1,seated row,4,10,0,face pulls,3,9,0,lat pulldown,4,10,0
29,Male,Maintain Fitness,Underweight,pull,5,muscle-ups,4,8,0,weighted pullups,3,11,0,deadlifts,3,9,0
36,Male,Weight Loss,Obese,cardio,1,elliptical,0,0,20,none,0,0,0,none,0,0,0
39,Male,Weight Loss,Normal,legs,1,leg press,4,15,0,step-ups,4,14,0,bodyweight squats,3,14,0
49,Male,Muscle Gain,Normal,cardio,3,swimming,0,0,41,none,0,0,0,none,0,0,0
55,Male,Maintain Fitness,Overweight,push,1,shoulder press (machine),3,11,0,pushups,3,9,0,bench press (machine),3,8,0
26,Male,Muscle Gain,Obese,legs,1,bodyweight squats,5,10,0,leg press,4,10,0,step-ups,4,8,0
56,Female,Weight Loss,Normal,cardio,1,walking,0,0,26,none,0,0,0,none,0,0,0
25,Male,Maintain Fitness,Obese,legs,1,step-ups,3,9,0,leg press,3,12,0,bodyweight squats,3,9,0
40,Female,Muscle Gain,Underweight,cardio,3,cycling,0,0,25,none,0,0,0,none,0,0,0
64,Female,Muscle Gain,Obese,legs,1,bodyweight squats,5,10,0,leg press,5,11,0,step-ups,5,9,0
29,Male,Muscle Gain,Underweight,cardio,5,sprints,0,0,35,none,0,0,0,none,0,0,0
31,Male,Maintain Fitness,Overweight,cardio,1,light cycling,0,0,44,none,0,0,0,none,0,0,0
51,Female,Weight Loss,Obese,pull,1,face pulls,4,13,0,seated row,3,15,0,lat pulldown,3,12,0
40,Male,Weight Loss,Normal,pull,5,deadlifts,3,14,0,muscle-ups,4,14,0,weighted pullups,3,14,0
67,Male,Weight Loss,Normal,pull,1,face pulls,3,13,0,seated row,3,13,0,lat pulldown,4,13,0
37,Female,Muscle Gain,Normal,pull,5,muscle-ups,4,12,0,weighted pullups,5,6,0,deadlifts,5,8,0
53,Female,Weight Loss,Obese,push,1,bench press (machine),3,12,0,pushups,4,13,0,shoulder press (machine),3,15,0
50,Female,Weight Loss,Normal,cardio,3,cycling,0,0,19,none,0,0,0,none,0,0,0
22,Male,Maintain Fitness,Overweight,push,1,bench press (machine),4,8,0,pushups,3,8,0,shoulder press (machine),4,8,0
24,Male,Maintain Fitness,Obese,pull,1,lat pulldown,4,10,0,seated row,3,11,0,face pulls,3,10,0
41,Male,Weight Loss,Overweight,legs,1,step-ups,4,12,0,leg press,4,13,0,bodyweight squats,4,12,0
46,Female,Maintain Fitness,Normal,pull,3,chin-ups,4,9,0,barbell rows,3,11,0,pullups (assisted),3,9,0
33,Male,Muscle Gain,Obese,pull,1,lat pulldown,4,10,0,face pulls,5,11,0,seated row,4,7,0
55,Female,Muscle Gain,Overweight,pull,1,lat pulldown,5,12,0,seated row,5,8,0,face pulls,5,6,0
42,Male,Muscle Gain,Overweight,legs,1,step-ups,4,6,0,bodyweight squats,5,9,0,leg press,5,11,0
63,Male,Maintain Fitness,Overweight,cardio,1,light cycling,0,0,37,none,0,0,0,none,0,0,0
33,Male,Weight Loss,Normal,pull,3,pullups (assisted),3,13,0,chin-ups,4,12,0,barbell rows,4,15,0
31,Female,Muscle Gain,Underweight,cardio,1,elliptical,0,0,42,none,0,0,0,none,0,0,0
58,Female,Maintain Fitness,Obese,legs,1,step-ups,3,11,0,bodyweight squats,3,12,0,leg press,4,10,0
42,Male,Weight Loss,Overweight,push,1,bench press (machine),4,14,0,pushups,3,14,0,shoulder press (machine),4,13,0
34,Female,Muscle Gain,Normal,pull,1,face pulls,5,12,0,seated row,4,12,0,lat pulldown,4,8,0
37,Male,Maintain Fitness,Normal,pull,1,face pulls,4,12,0,lat pulldown,3,9,0,seated row,4,8,0
19,Female,Muscle Gain,Overweight,cardio,1,elliptical,0,0,42,none,0,0,0,none,0,0,0
60,Female,Weight Loss,Overweight,legs,1,leg press,4,12,0,step-ups,3,15,0,bodyweight squats,3,14,0
32,Male,Maintain Fitness,Obese,pull,1,face pulls,4,9,0,seated row,3,11,0,lat pulldown,3,10,0
47,Female,Muscle Gain,Overweight,cardio,1,light cycling,0,0,31,none,0,0,0,none,0,0,0
64,Female,Weight Loss,Underweight,push,1,pushups,3,15,0,bench press (machine),3,12,0,shoulder press (machine),4,13,0
48,Female,Weight Loss,Normal,legs,3,leg curls,3,14,0,barbell squats,4,12,0,lunges,3,12,0
66,Female,Muscle Gain,Obese,push,1,shoulder press (machine),5,7,0,bench press (machine),5,9,0,pushups,4,10,0
41,Male,Maintain Fitness,Obese,push,1,bench press (machine),4,8,0,pushups,4,11,0,shoulder press (machine),3,8,0
66,Male,Muscle Gain,Normal,pull,1,seated row,5,6,0,face pulls,4,6,0,lat pulldown,4,11,0
49,Male,Weight Loss,Obese,cardio,1,elliptical,0,0,28,none,0,0,0,none,0,0,0
43,Female,Weight Loss,Normal,legs,1,leg press,3,12,0,step-ups,4,12,0,bodyweight squats,4,14,0
43,Female,Weight Loss,Underweight,legs,3,leg curls,4,14,0,lunges,3,12,0,barbell squats,3,13,0
35,Male,Maintain Fitness,Underweight,legs,1,leg press,3,11,0,bodyweight squats,4,12,0,step-ups,3,9,0
25,Male,Maintain Fitness,Underweight,legs,3,lunges,3,11,0,leg curls,4,11,0,barbell squats,3,12,0
29,Female,Muscle Gain,Obese,push,1,pushups,5,7,0,bench press (machine),4,7,0,shoulder press (machine),4,7,0
44,Female,Maintain Fitness,Underweight,cardio,3,jogging,0,0,35,none,0,0,0,none,0,0,0
65,Male,Weight Loss,Normal,pull,1,lat pulldown,4,12,0,face pulls,3,12,0,seated row,3,13,0
66,Male,Weight Loss,Normal,pull,1,seated row,3,13,0,lat pulldown,4,15,0,face pulls,4,15,0
49,Male,Muscle Gain,Obese,pull,1,face pulls,5,11,0,seated row,5,9,0,lat pulldown,5,6,0
46,Female,Weight Loss,Obese,push,1,bench press (machine),4,13,0,pushups,4,14,0,shoulder press (machine),3,12,0
26,Female,Muscle Gain,Overweight,legs,1,leg press,4,10,0,bodyweight squats,5,6,0,step-ups,5,6,0
57,Female,Weight Loss,Obese,cardio,1,walking,0,0,45,none,0,0,0,none,0,0,0
65,Male,Maintain Fitness,Obese,cardio,1,light cycling,0,0,42,none,0,0,0,none,0,0,0
66,Female,Weight Loss,Overweight,cardio,1,light cycling,0,0,36,none,0,0,0,none,0,0,0
40,Female,Weight Loss,Obese,push,1,bench press (machine),4,12,0,pushups,4,12,0,shoulder press (machine),3,14,0
59,Female,Weight Loss,Overweight,pull,1,lat pulldown,4,13,0,seated row,4,14,0,face pulls,3,15,0
60,Female,Maintain Fitness,Overweight,legs,1,bodyweight squats,4,8,0,leg press,3,9,0,step-ups,4,11,0
36,Female,Weight Loss,Normal,push,5,weighted dips,4,15,0,incline bench press,4,12,0,overhead press,3,12,0
23,Male,Maintain Fitness,Obese,cardio,1,walking,0,0,42,none,0,0,0,none,0,0,0
68,Female,Maintain Fitness,Overweight,cardio,1,light cycling,0,0,17,none,0,0,0,none,0,0,0
61,Female,Weight Loss,Underweight,cardio,1,walking,0,0,15,none,0,0,0,none,0,0,0
50,Male,Maintain Fitness,Obese,push,1,bench press (machine),4,10,0,shoulder press (machine),4,10,0,pushups,4,10,0
59,Female,Weight Loss,Normal,cardio,1,light cycling,0,0,42,none,0,0,0,none,0,0,0
66,Female,Muscle Gain,Overweight,push,1,shoulder press (machine),5,10,0,bench press (machine),5,11,0,pushups,4,7,0
31,Male,Muscle Gain,Normal,legs,1,leg press,4,10,0,step-ups,5,6,0,bodyweight squats,5,7,0
66,Male,Maintain Fitness,Underweight,pull,1,face pulls,3,10,0,seated row,4,10,0,lat pulldown,3,11,0
41,Female,Muscle Gain,Overweight,cardio,1,walking,0,0,30,none,0,0,0,none,0,0,0
42,Male,Muscle Gain,Obese,cardio,1,elliptical,0,0,31,none,0,0,0,none,0,0,0
24,Male,Muscle Gain,Normal,cardio,5,sprints,0,0,27,none,0,0,0,none,0,0,0
60,Male,Maintain Fitness,Obese,cardio,1,elliptical,0,0,21,none,0,0,0,none,0,0,0
41,Male,Maintain Fitness,Overweight,pull,1,seated row,4,10,0,face pulls,3,11,0,lat pulldown,3,10,0
67,Male,Maintain Fitness,Underweight,pull,1,seated row,3,8,0,lat pulldown,3,11,0,face pulls,3,12,0
19,Male,Muscle Gain,Obese,pull,1,lat pulldown,4,10,0,seated row,4,8,0,face pulls,5,11,0
50,Female,Maintain Fitness,Underweight,pull,3,pullups (assisted),3,9,0,chin-ups,4,8,0,barbell rows,3,11,0
56,Female,Muscle Gain,Underweight,push,1,shoulder press (machine),4,6,0,bench press (machine),4,6,0,pushups,5,11,0
38,Female,Weight Loss,Overweight,pull,1,face pulls,4,15,0,seated row,3,14,0,lat pulldown,4,15,0
39,Female,Maintain Fitness,Underweight,legs,3,lunges,4,8,0,barbell squats,3,10,0,leg curls,3,10,0
36,Male,Muscle Gain,Underweight,legs,5,bulgarian split squats,4,11,0,deadlifts,4,10,0,front squats,5,9,0
25,Female,Weight Loss,Underweight,pull,1,seated row,3,14,0,face pulls,3,15,0,lat pulldown,3,14,0
18,Male,Maintain Fitness,Underweight,legs,1,step-ups,4,10,0,bodyweight squats,3,9,0,leg press,4,11,0
60,Male,Maintain Fitness,Overweight,cardio,1,walking,0,0,42,none,0,0,0,none,0,0,0
20,Female,Maintain Fitness,Obese,legs,1,leg press,3,9,0,step-ups,3,9,0,bodyweight squats,3,10,0
59,Male,Weight Loss,Obese,cardio,1,light cycling,0,0,32,none,0,0,0,none,0,0,0
26,Female,Muscle Gain,Normal,legs,5,bulgarian split squats,4,6,0,front squats,5,10,0,deadlifts,4,7,0
22,Male,Weight Loss,Obese,cardio,1,light cycling,0,0,43,none,0,0,0,none,0,0,0
52,Female,Muscle Gain,Normal,push,1,bench press (machine),4,12,0,pushups,5,8,0,shoulder press (machine),4,7,0
46,Male,Maintain Fitness,Obese,cardio,1,light cycling,0,0,29,none,0,0,0,none,0,0,0
48,Female,Muscle Gain,Obese,legs,1,step-ups,5,12,0,bodyweight squats,4,7,0,leg press,4,6,0
39,Male,Weight Loss,Underweight,pull,3,chin-ups,4,13,0,pullups (assisted),3,14,0,barbell rows,3,15,0
43,Female,Maintain Fitness,Overweight,pull,1,seated row,4,11,0,lat pulldown,3,8,0,face pulls,4,12,0
18,Female,Weight Loss,Obese,legs,1,step-ups,4,15,0,bodyweight squats,4,15,0,leg press,4,13,0
19,Male,Maintain Fitness,Normal,cardio,3,jogging,0,0,20,none,0,0,0,none,0,0,0
66,Male,Weight Loss,Overweight,cardio,1,walking,0,0,25,none,0,0,0,none,0,0,0
56,Male,Maintain Fitness,Underweight,legs,1,step-ups,3,9,0,bodyweight squats,3,12,0,leg press,4,8,0
39,Female,Weight Loss,Obese,push,1,shoulder press (machine),3,12,0,bench press (machine),4,12,0,pushups,3,14,0
23,Male,Maintain Fitness,Underweight,pull,5,deadlifts,4,10,0,muscle-ups,4,12,0,weighted pullups,3,12,0
61,Female,Muscle Gain,Normal,cardio,1,elliptical,0,0,17,none,0,0,0,none,0,0,0
39,Male,Muscle Gain,Underweight,pull,3,barbell rows,5,12,0,pullups (assisted),4,9,0,chin-ups,5,7,0
34,Male,Weight Loss,Normal,cardio,3,swimming,0,0,22,none,0,0,0,none,0,0,0
52,Female,Weight Loss,Overweight,pull,1,lat pulldown,4,12,0,seated row,3,15,0,face pulls,3,13,0
54,Female,Weight Loss,Normal,legs,1,leg press,4,14,0,step-ups,4,13,0,bodyweight squats,4,13,0
31,Male,Maintain Fitness,Normal,cardio,1,light cycling,0,0,33,none,0,0,0,none,0,0,0
66,Female,Maintain Fitness,Overweight,legs,1,bodyweight squats,4,9,0,leg press,3,9,0,step-ups,4,12,0
58,Male,Weight Loss,Overweight,cardio,1,walking,0,0,25,none,0,0,0,none,0,0,0
45,Male,Muscle Gain,Obese,legs,1,bodyweight squats,5,11,0,step-ups,5,11,0,leg press,5,11,0
53,Male,Weight Loss,Obese,legs,1,bodyweight squats,3,14,0,step-ups,4,13,0,leg press,4,14,0
63,Female,Muscle Gain,Overweight,legs,1,bodyweight squats,5,12,0,step-ups,5,12,0,leg press,4,9,0
20,Female,Muscle Gain,Overweight,push,1,bench press (machine),4,6,0,pushups,5,7,0,shoulder press (machine),5,12,0
28,Male,Weight Loss,Overweight,cardio,1,light cycling,0,0,35,none,0,0,0,none,0,0,0
39,Female,Maintain Fitness,Obese,cardio,1,walking,0,0,34,none,0,0,0,none,0,0,0
51,Male,Muscle Gain,Obese,legs,1,bodyweight squats,5,8,0,leg press,4,11,0,step-ups,4,10,0
58,Female,Muscle Gain,Overweight,push,1,bench press (machine),5,8,0,pushups,5,11,0,shoulder press (machine),5,7,0
29,Female,Maintain Fitness,Obese,pull,1,face pulls,3,11,0,seated row,4,10,0,lat pulldown,3,11,0
23,Male,Muscle Gain,Obese,legs,1,leg press,4,10,0,step-ups,4,9,0,bodyweight squats,4,6,0
60,Male,Weight Loss,Underweight,push,1,bench press (machine),4,15,0,pushups,4,13,0,shoulder press (machine),3,13,0
39,Female,Weight Loss,Underweight,cardio,5,sprints,0,0,28,none,0,0,0,none,0,0,0
31,Female,Weight Loss,Obese,legs,1,leg press,4,13,0,bodyweight squats,4,13,0,step-ups,4,14,0
41,Male,Maintain Fitness,Normal,cardio,1,walking,0,0,33,none,0,0,0,none,0,0,0
21,Female,Maintain Fitness,Underweight,cardio,1,light cycling,0,0,45,none,0,0,0,none,0,0,0
33,Female,Weight Loss,Underweight,pull,1,seated row,3,13,0,lat pulldown,3,14,0,face pulls,3,12,0
67,Male,Maintain Fitness,Obese,legs,1,bodyweight squats,3,11,0,step-ups,3,11,0,leg press,4,9,0
56,Male,Maintain Fitness,Underweight,push,1,pushups,3,10,0,shoulder press (machine),3,8,0,bench press (machine),3,8,0
41,Male,Weight Loss,Underweight,legs,1,leg press,4,15,0,bodyweight squats,3,12,0,step-ups,4,15,0
47,Female,Maintain Fitness,Normal,cardio,3,swimming,0,0,20,none,0,0,0,none,0,0,0
26,Male,Muscle Gain,Normal,cardio,3,swimming,0,0,21,none,0,0,0,none,0,0,0
49,Male,Maintain Fitness,Normal,push,5,overhead press,4,11,0,weighted dips,4,11,0,incline bench press,4,8,0
50,Male,Maintain Fitness,Overweight,push,1,bench press (machine),3,8,0,shoulder press (machine),3,12,0,pushups,3,8,0
28,Female,Weight Loss,Underweight,push,3,dumbbell press,3,12,0,dips,3,14,0,bench press (barbell),3,15,0
48,Male,Maintain Fitness,Obese,push,1,bench press (machine),3,8,0,pushups,3,8,0,shoulder press (machine),3,10,0
30,Female,Weight Loss,Normal,cardio,3,jogging,0,0,27,none,0,0,0,none,0,0,0
58,Female,Maintain Fitness,Underweight,push,1,bench press (machine),3,10,0,pushups,3,8,0,shoulder press (machine),4,12,0
63,Male,Maintain Fitness,Underweight,legs,1,bodyweight squats,4,10,0,step-ups,3,11,0,leg press,4,10,0
62,Female,Muscle Gain,Obese,pull,1,face pulls,5,8,0,seated row,4,6,0,lat pulldown,4,6,0
70,Female,Maintain Fitness,Underweight,push,1,pushups,4,11,0,shoulder press (machine),3,11,0,bench press (machine),3,12,0
40,Female,Weight Loss,Normal,pull,1,seated row,3,13,0,face pulls,3,14,0,lat pulldown,4,15,0
31,Male,Maintain Fitness,Underweight,cardio,5,HIIT,0,0,23,none,0,0,0,none,0,0,0
58,Male,Maintain Fitness,Overweight,pull,1,seated row,4,11,0,lat pulldown,4,9,0,face pulls,4,11,0
40,Male,Maintain Fitness,Underweight,legs,1,bodyweight squats,3,10,0,step-ups,4,12,0,leg press,4,10,0
27,Male,Weight Loss,Normal,pull,1,seated row,4,13,0,face pulls,3,13,0,lat pulldown,4,12,0
59,Male,Muscle Gain,Normal,legs,1,leg press,5,11,0,bodyweight squats,5,6,0,step-ups,4,8,0
38,Female,Muscle Gain,Obese,pull,1,face pulls,4,9,0,seated row,5,6,0,lat pulldown,4,6,0
32,Female,Weight Loss,Obese,push,1,pushups,4,15,0,bench press (machine),4,12,0,shoulder press (machine),3,15,0
63,Male,Maintain Fitness,Obese,cardio,1,walking,0,0,31,none,0,0,0,none,0,0,0
25,Male,Muscle Gain,Normal,legs,3,leg curls,5,11,0,barbell squats,4,10,0,lunges,5,8,0
48,Female,Weight Loss,Overweight,legs,1,leg press,4,14,0,step-ups,4,14,0,bodyweight squats,3,12,0
67,Male,Weight Loss,Overweight,cardio,1,elliptical,0,0,22,none,0,0,0,none,0,0,0
34,Male,Muscle Gain,Underweight,legs,5,deadlifts,4,7,0,bulgarian split squats,5,7,0,front squats,4,6,0
53,Female,Weight Loss,Overweight,cardio,1,walking,0,0,29,none,0,0,0,none,0,0,0
64,Female,Maintain Fitness,Obese,cardio,1,walking,0,0,38,none,0,0,0,none,0,0,0
36,Female,Maintain Fitness,Underweight,push,3,dips,3,9,0,bench press (barbell),3,12,0,dumbbell press,3,8,0
44,Female,Muscle Gain,Overweight,legs,1,leg press,4,7,0,step-ups,5,6,0,bodyweight squats,5,11,0
67,Male,Maintain Fitness,Normal,legs,1,bodyweight squats,3,12,0,step-ups,4,11,0,leg press,3,8,0
50,Male,Maintain Fitness,Overweight,push,1,bench press (machine),4,12,0,pushups,4,11,0,shoulder press (machine),4,10,0
37,Male,Maintain Fitness,Overweight,cardio,1,walking,0,0,16,none,0,0,0,none,0,0,0
49,Female,Muscle Gain,Normal,cardio,3,swimming,0,0,16,none,0,0,0,none,0,0,0
67,Female,Muscle Gain,Normal,pull,1,lat pulldown,5,8,0,face pulls,5,10,0,seated row,5,9,0
51,Female,Maintain Fitness,Obese,push,1,shoulder press (machine),3,9,0,bench press (machine),3,9,0,pushups,3,12,0
50,Male,Muscle Gain,Normal,legs,1,step-ups,5,6,0,bodyweight squats,5,6,0,leg press,4,9,0
67,Female,Weight Loss,Underweight,pull,1,face pulls,3,14,0,lat pulldown,4,13,0,seated row,3,13,0
32,Female,Muscle Gain,Overweight,cardio,1,light cycling,0,0,22,none,0,0,0,none,0,0,0
36,Female,Muscle Gain,Underweight,push,3,dumbbell press,5,11,0,bench press (barbell),5,7,0,dips,4,6,0
30,Male,Weight Loss,Normal,push,5,weighted dips,4,12,0,overhead press,3,12,0,incline bench press,3,12,0
45,Female,Maintain Fitness,Overweight,push,1,bench press (machine),4,12,0,shoulder press (machine),3,8,0,pushups,3,10,0
44,Female,Maintain Fitness,Overweight,pull,1,face pulls,3,10,0,lat pulldown,4,8,0,seated row,4,11,0
24,Male,Weight Loss,Overweight,push,1,shoulder press (machine),3,15,0,bench press (machine),4,15,0,pushups,3,14,0
53,Female,Weight Loss,Obese,push,1,shoulder press (machine),3,12,0,pushups,4,14,0,bench press (machine),4,12,0
38,Female,Weight Loss,Underweight,push,3,dips,4,14,0,bench press (barbell),4,13,0,dumbbell press,4,12,0
51,Female,Muscle Gain,Normal,pull,1,face pulls,4,7,0,seated row,5,11,0,lat pulldown,5,12,0
52,Female,Muscle Gain,Overweight,legs,1,leg press,5,8,0,step-ups,5,11,0,bodyweight squats,4,12,0
56,Male,Muscle Gain,Obese,legs,1,step-ups,5,8,0,leg press,4,11,0,bodyweight squats,4,8,0
52,Male,Weight Loss,Underweight,pull,1,lat pulldown,4,14,0,face pulls,3,15,0,seated row,3,14,0
49,Male,Maintain Fitness,Obese,cardio,1,light cycling,0,0,23,none,0,0,0,none,0,0,0
25,Male,Maintain Fitness,Underweight,pull,5,muscle-ups,3,10,0,weighted pullups,3,12,0,deadlifts,4,9,0
37,Female,Weight Loss,Normal,cardio,1,light cycling,0,0,17,none,0,0,0,none,0,0,0
34,Male,Muscle Gain,Normal,cardio,3,cycling,0,0,26,none,0,0,0,none,0,0,0
25,Male,Muscle Gain,Obese,push,1,shoulder press (machine),5,6,0,bench press (machine),4,8,0,pushups,5,7,0
30,Male,Muscle Gain,Overweight,push,1,bench press (machine),4,10,0,shoulder press (machine),4,11,0,pushups,4,10,0
33,Male,Maintain Fitness,Obese,legs,1,bodyweight squats,4,11,0,leg press,3,8,0,step-ups,3,8,0
56,Male,Maintain Fitness,Underweight,cardio,1,light cycling,0,0,23,none,0,0,0,none,0,0,0
58,Female,Muscle Gain,Overweight,pull,1,seated row,4,11,0,lat pulldown,4,10,0,face pulls,4,6,0
68,Female,Maintain Fitness,Overweight,cardio,1,light cycling,0,0,15,none,0,0,0,none,0,0,0
29,Female,Weight Loss,Normal,pull,1,seated row,4,13,0,lat pulldown,3,12,0,face pulls,3,12,0
55,Male,Muscle Gain,Normal,pull,1,lat pulldown,5,6,0,seated row,5,10,0,face pulls,4,6,0
60,Female,Maintain Fitness,Normal,pull,1,lat pulldown,3,12,0,seated row,3,10,0,face pulls,3,11,0
58,Female,Maintain Fitness,Normal,push,1,shoulder press (machine),3,12,0,pushups,3,8,0,bench press (machine),3,9,0
70,Male,Muscle Gain,Obese,pull,1,seated row,4,9,0,face pulls,4,8,0,lat pulldown,4,10,0
64,Female,Muscle Gain,Underweight,push,1,shoulder press (machine),4,6,0,bench press (machine),5,11,0,pushups,4,7,0
48,Male,Muscle Gain,Normal,push,1,shoulder press (machine),4,12,0,bench press (machine),5,6,0,pushups,5,9,0
46,Male,Maintain Fitness,Underweight,cardio,3,jogging,0,0,41,none,0,0,0,none,0,0,0
42,Male,Weight Loss,Obese,pull,1,lat pulldown,3,15,0,face pulls,4,13,0,seated row,4,14,0
40,Male,Maintain Fitness,Normal,cardio,1,light cycling,0,0,43,none,0,0,0,none,0,0,0
37,Female,Maintain Fitness,Normal,push,5,weighted dips,4,12,0,incline bench press,4,9,0,overhead press,4,12,0
52,Male,Muscle Gain,Overweight,pull,1,lat pulldown,5,10,0,seated row,4,12,0,face pulls,5,12,0
27,Male,Maintain Fitness,Overweight,push,1,pushups,4,12,0,shoulder press (machine),3,11,0,bench press (machine),4,8,0
18,Female,Muscle Gain,Underweight,cardio,5,stair climbing,0,0,35,none,0,0,0,none,0,0,0
62,Male,Maintain Fitness,Overweight,pull,1,seated row,4,11,0,lat pulldown,4,10,0,face pulls,4,10,0
38,Male,Weight Loss,Obese,pull,1,face pulls,3,12,0,seated row,4,15,0,lat pulldown,4,13,0
55,Male,Weight Loss,Obese,pull,1,face pulls,3,12,0,lat pulldown,4,12,0,seated row,4,13,0
33,Male,Maintain Fitness,Obese,pull,1,seated row,3,12,0,face pulls,4,9,0,lat pulldown,4,8,0
48,Female,Maintain Fitness,Overweight,cardio,1,elliptical,0,0,28,none,0,0,0,none,0,0,0
51,Female,Weight Loss,Overweight,cardio,1,walking,0,0,22,none,0,0,0,none,0,0,0
22,Male,Weight Loss,Normal,pull,3,pullups (assisted),3,14,0,barbell rows,4,13,0,chin-ups,3,12,0
61,Female,Weight Loss,Obese,legs,1,bodyweight squats,3,12,0,step-ups,3,12,0,leg press,4,13,0
53,Female,Weight Loss,Underweight,legs,1,step-ups,3,14,0,leg press,3,15,0,bodyweight squats,4,12,0
54,Male,Weight Loss,Overweight,legs,1,bodyweight squats,3,13,0,step-ups,3,13,0,leg press,3,14,0
56,Male,Muscle Gain,Overweight,legs,1,step-ups,5,6,0,bodyweight squats,4,7,0,leg press,4,10,0
58,Female,Muscle Gain,Normal,pull,1,face pulls,5,10,0,lat pulldown,4,12,0,seated row,4,9,0
25,Female,Weight Loss,Overweight,push,1,pushups,4,14,0,shoulder press (machine),4,14,0,bench press (machine),3,12,0
37,Male,Weight Loss,Obese,legs,1,step-ups,3,13,0,bodyweight squats,3,12,0,leg press,3,15,0
25,Male,Muscle Gain,Normal,cardio,5,stair climbing,0,0,43,none,0,0,0,none,0,0,0
57,Female,Maintain Fitness,Underweight,push,1,pushups,4,12,0,bench press (machine),3,9,0,shoulder press (machine),4,8,0
29,Female,Muscle Gain,Overweight,pull,1,face pulls,5,7,0,seated row,4,12,0,lat pulldown,4,9,0
51,Female,Weight Loss,Obese,cardio,1,elliptical,0,0,37,none,0,0,0,none,0,0,0
29,Female,Weight Loss,Obese,pull,1,seated row,4,14,0,face pulls,4,13,0,lat pulldown,4,13,0
40,Female,Maintain Fitness,Normal,legs,5,deadlifts,4,8,0,front squats,3,11,0,bulgarian split squats,4,9,0
55,Female,Maintain Fitness,Obese,cardio,1,walking,0,0,26,none,0,0,0,none,0,0,0
21,Female,Maintain Fitness,Obese,legs,1,step-ups,4,11,0,leg press,4,12,0,bodyweight squats,4,8,0
55,Male,Maintain Fitness,Underweight,cardio,1,walking,0,0,19,none,0,0,0,none,0,0,0
56,Female,Weight Loss,Obese,pull,1,seated row,4,12,0,face pulls,3,14,0,lat pulldown,4,13,0
39,Female,Muscle Gain,Overweight,push,1,pushups,5,7,0,bench press (machine),4,9,0,shoulder press (machine),4,8,0
63,Male,Muscle Gain,Obese,push,1,pushups,4,12,0,shoulder press (machine),4,11,0,bench press (machine),5,10,0
48,Female,Maintain Fitness,Overweight,cardio,1,elliptical,0,0,17,none,0,0,0,none,0,0,0
44,Male,Weight Loss,Obese,cardio,1,walking,0,0,20,none,0,0,0,none,0,0,0
40,Female,Maintain Fitness,Overweight,cardio,1,walking,0,0,36,none,0,0,0,none,0,0,0
58,Female,Weight Loss,Obese,pull,1,face pulls,4,12,0,lat pulldown,3,14,0,seated row,3,15,0
42,Male,Weight Loss,Overweight,push,1,shoulder press (machine),4,12,0,pushups,3,15,0,bench press (machine),3,13,0
31,Male,Muscle Gain,Obese,push,1,pushups,5,6,0,bench press (machine),4,10,0,shoulder press (machine),5,10,0
61,Female,Maintain Fitness,Obese,cardio,1,walking,0,0,44,none,0,0,0,none,0,0,0
39,Female,Weight Loss,Obese,cardio,1,elliptical,0,0,32,none,0,0,0,none,0,0,0
43,Female,Weight Loss,Obese,pull,1,seated row,4,14,0,face pulls,4,13,0,lat pulldown,4,15,0
50,Female,Weight Loss,Underweight,push,5,weighted dips,4,15,0,incline bench press,4,13,0,overhead press,3,15,0
36,Female,Muscle Gain,Underweight,push,1,shoulder press (machine),4,8,0,pushups,5,10,0,bench press (machine),4,6,0
64,Male,Muscle Gain,Underweight,cardio,1,light cycling,0,0,18,none,0,0,0,none,0,0,0
69,Male,Muscle Gain,Underweight,legs,1,leg press,5,9,0,step-ups,5,11,0,bodyweight squats,4,6,0
18,Male,Muscle Gain,Underweight,pull,5,deadlifts,4,12,0,weighted pullups,5,11,0,muscle-ups,4,9,0
63,Male,Maintain Fitness,Underweight,pull,1,face pulls,4,12,0,seated row,4,12,0,lat pulldown,4,10,0
53,Female,Weight Loss,Obese,push,1,pushups,4,13,0,shoulder press (machine),3,13,0,bench press (machine),3,15,0
32,Female,Maintain Fitness,Obese,cardio,1,elliptical,0,0,34,none,0,0,0,none,0,0,0
39,Female,Maintain Fitness,Obese,legs,1,leg press,4,9,0,step-ups,3,11,0,bodyweight squats,3,11,0
23,Male,Maintain Fitness,Normal,cardio,3,cycling,0,0,43,none,0,0,0,none,0,0,0
32,Male,Muscle Gain,Overweight,cardio,1,elliptical,0,0,20,none,0,0,0,none,0,0,0
48,Female,Weight Loss,Overweight,pull,1,seated row,3,15,0,lat pulldown,3,15,0,face pulls,3,15,0
44,Male,Weight Loss,Obese,cardio,1,elliptical,0,0,44,none,0,0,0,none,0,0,0
65,Male,Weight Loss,Obese,pull,1,lat pulldown,4,12,0,face pulls,4,15,0,seated row,3,13,0
41,Male,Weight Loss,Overweight,push,1,shoulder press (machine),3,12,0,bench press (machine),4,13,0,pushups,4,14,0
50,Male,Muscle Gain,Underweight,cardio,3,swimming,0,0,38,none,0,0,0,none,0,0,0
36,Female,Muscle Gain,Obese,pull,1,lat pulldown,5,8,0,seated row,4,9,0,face pulls,4,11,0
23,Male,Weight Loss,Normal,push,5,weighted dips,3,12,0,overhead press,3,14,0,incline bench press,4,13,0
31,Female,Weight Loss,Overweight,cardio,1,walking,0,0,18,none,0,0,0,none,0,0,0
23,Female,Maintain Fitness,Normal,push,1,pushups,3,8,0,shoulder press (machine),3,12,0,bench press (machine),4,10,0
45,Male,Weight Loss,Overweight,push,1,shoulder press (machine),4,12,0,bench press (machine),4,13,0,pushups,4,15,0
44,Female,Muscle Gain,Normal,cardio,1,elliptical,0,0,19,none,0,0,0,none,0,0,0
25,Male,Weight Loss,Underweight,push,3,dumbbell press,3,12,0,bench press (barbell),3,12,0,dips,4,14,0
68,Female,Muscle Gain,Normal,push,1,bench press (machine),5,8,0,shoulder press (machine),5,11,0,pushups,5,8,0
43,Male,Maintain Fitness,Overweight,legs,1,bodyweight squats,4,8,0,step-ups,3,9,0,leg press,3,11,0
67,Female,Maintain Fitness,Normal,legs,1,step-ups,3,8,0,leg press,4,9,0,bodyweight squats,4,9,0
38,Female,Maintain Fitness,Obese,push,1,shoulder press (machine),3,11,0,pushups,4,10,0,bench press (machine),3,8,0
32,Female,Muscle Gain,Underweight,legs,3,lunges,5,9,0,barbell squats,4,11,0,leg curls,4,7,0
59,Female,Muscle Gain,Normal,cardio,1,elliptical,0,0,22,none,0,0,0,none,0,0,0
19,Male,Weight Loss,Obese,pull,1,lat pulldown,4,13,0,seated row,4,13,0,face pulls,3,15,0
58,Female,Maintain Fitness,Normal,cardio,1,elliptical,0,0,22,none,0,0,0,none,0,0,0
67,Male,Maintain Fitness,Normal,cardio,1,elliptical,0,0,31,none,0,0,0,none,0,0,0
23,Male,Muscle Gain,Overweight,push,1,pushups,5,9,0,shoulder press (machine),5,12,0,bench press (machine),5,6,0
52,Male,Muscle Gain,Normal,cardio,1,elliptical,0,0,23,none,0,0,0,none,0,0,0
18,Female,Muscle Gain,Normal,pull,5,deadlifts,4,11,0,weighted pullups,4,7,0,muscle-ups,5,12,0
52,Male,Weight Loss,Normal,legs,1,step-ups,3,15,0,bodyweight squats,3,15,0,leg press,3,15,0
30,Male,Weight Loss,Obese,cardio,1,light cycling,0,0,19,none,0,0,0,none,0,0,0
31,Male,Weight Loss,Obese,legs,1,step-ups,4,13,0,leg press,4,13,0,bodyweight squats,3,13,0
66,Female,Muscle Gain,Obese,legs,1,leg press,5,9,0,bodyweight squats,5,11,0,step-ups,5,9,0
61,Female,Weight Loss,Normal,push,1,shoulder press (machine),4,12,0,pushups,3,12,0,bench press (machine),3,13,0
67,Female,Weight Loss,Normal,cardio,1,elliptical,0,0,24,none,0,0,0,none,0,0,0
64,Female,Weight Loss,Normal,push,1,pushups,4,14,0,bench press (machine),4,13,0,shoulder press (machine),3,15,0
42,Male,Muscle Gain,Normal,legs,1,step-ups,4,10,0,leg press,5,11,0,bodyweight squats,4,9,0
62,Male,Muscle Gain,Underweight,push,1,pushups,4,8,0,shoulder press (machine),4,6,0,bench press (machine),4,6,0
27,Female,Maintain Fitness,Overweight,legs,1,step-ups,4,12,0,leg press,4,11,0,bodyweight squats,3,8,0
45,Female,Muscle Gain,Obese,legs,1,step-ups,5,9,0,leg press,5,11,0,bodyweight squats,4,11,0
48,Male,Maintain Fitness,Underweight,cardio,1,elliptical,0,0,30,none,0,0,0,none,0,0,0
59,Female,Maintain Fitness,Normal,legs,1,leg press,4,11,0,step-ups,4,10,0,bodyweight squats,4,9,0
59,Male,Maintain Fitness,Normal,legs,1,bodyweight squats,4,10,0,step-ups,3,9,0,leg press,4,8,0
39,Female,Weight Loss,Overweight,legs,1,leg press,3,15,0,bodyweight squats,4,14,0,step-ups,3,13,0
68,Male,Maintain Fitness,Underweight,legs,1,step-ups,3,9,0,bodyweight squats,4,12,0,leg press,4,11,0
34,Female,Muscle Gain,Overweight,cardio,1,walking,0,0,37,none,0,0,0,none,0,0,0
57,Female,Maintain Fitness,Underweight,cardio,1,light cycling,0,0,23,none,0,0,0,none,0,0,0
67,Male,Maintain Fitness,Obese,cardio,1,walking,0,0,41,none,0,0,0,none,0,0,0
51,Male,Muscle Gain,Underweight,push,1,pushups,4,11,0,bench press (machine),5,7,0,shoulder press (machine),4,9,0
30,Male,Weight Loss,Normal,cardio,5,sprints,0,0,31,none,0,0,0,none,0,0,0
65,Female,Maintain Fitness,Overweight,pull,1,seated row,4,8,0,lat pulldown,4,10,0,face pulls,4,9,0
68,Male,Muscle Gain,Underweight,legs,1,bodyweight squats,4,10,0,step-ups,4,10,0,leg press,5,12,0
49,Female,Weight Loss,Normal,legs,5,deadlifts,3,15,0,front squats,3,12,0,bulgarian split squats,4,14,0
63,Female,Muscle Gain,Normal,pull,1,seated row,4,9,0,lat pulldown,4,8,0,face pulls,5,8,0
23,Male,Weight Loss,Underweight,pull,1,face pulls,4,14,0,lat pulldown,3,12,0,seated row,3,12,0
41,Female,Weight Loss,Obese,push,1,bench press (machine),3,13,0,pushups,4,15,0,shoulder press (machine),3,13,0
21,Female,Muscle Gain,Overweight,cardio,1,light cycling,0,0,45,none,0,0,0,none,0,0,0
33,Male,Muscle Gain,Normal,pull,5,deadlifts,4,9,0,muscle-ups,4,6,0,weighted pullups,4,10,0
28,Female,Muscle Gain,Obese,legs,1,bodyweight squats,5,9,0,leg press,4,9,0,step-ups,4,9,0
53,Female,Maintain Fitness,Overweight,push,1,shoulder press (machine),3,12,0,bench press (machine),4,11,0,pushups,3,9,0
29,Female,Weight Loss,Overweight,cardio,1,elliptical,0,0,18,none,0,0,0,none,0,0,0
28,Male,Weight Loss,Underweight,push,1,bench press (machine),3,12,0,pushups,4,13,0,shoulder press (machine),3,15,0
28,Female,Weight Loss,Normal,legs,1,step-ups,4,15,0,bodyweight squats,3,12,0,leg press,4,15,0
50,Female,Maintain Fitness,Overweight,legs,1,step-ups,4,8,0,bodyweight squats,3,8,0,leg press,3,8,0
52,Male,Maintain Fitness,Obese,cardio,1,light cycling,0,0,25,none,0,0,0,none,0,0,0
33,Female,Weight Loss,Obese,pull,1,seated row,3,14,0,lat pulldown,3,14,0,face pulls,4,15,0
24,Male,Maintain Fitness,Normal,pull,1,lat pulldown,4,8,0,face pulls,3,9,0,seated row,3,9,0
28,Male,Weight Loss,Obese,pull,1,lat pulldown,4,14,0,seated row,3,13,0,face pulls,4,15,0
70,Female,Weight Loss,Overweight,pull,1,lat pulldown,3,13,0,seated row,4,13,0,face pulls,4,13,0
62,Female,Weight Loss,Obese,cardio,1,walking,0,0,27,none,0,0,0,none,0,0,0
46,Male,Muscle Gain,Overweight,cardio,1,walking,0,0,40,none,0,0,0,none,0,0,0
68,Male,Weight Loss,Obese,legs,1,bodyweight squats,4,15,0,step-ups,4,13,0,leg press,4,13,0
29,Female,Maintain Fitness,Normal,legs,5,front squats,4,11,0,bulgarian split squats,3,9,0,deadlifts,4,9,0
62,Male,Muscle Gain,Underweight,pull,1,seated row,4,6,0,face pulls,4,12,0,lat pulldown,4,7,0
56,Female,Muscle Gain,Normal,cardio,1,light cycling,0,0,25,none,0,0,0,none,0,0,0
34,Male,Maintain Fitness,Overweight,legs,1,bodyweight squats,3,9,0,leg press,3,10,0,step-ups,4,9,0
27,Male,Muscle Gain,Obese,pull,1,seated row,5,6,0,face pulls,5,7,0,lat pulldown,5,10,0
39,Female,Weight Loss,Normal,cardio,1,walking,0,0,26,none,0,0,0,none,0,0,0
43,Female,Muscle Gain,Normal,push,5,weighted dips,5,7,0,overhead press,5,11,0,incline bench press,4,10,0
43,Male,Maintain Fitness,Underweight,legs,1,bodyweight squats,3,10,0,leg press,4,10,0,step-ups,4,8,0
58,Female,Weight Loss,Underweight,pull,1,face pulls,4,14,0,lat pulldown,3,14,0,seated row,4,15,0
27,Male,Maintain Fitness,Normal,push,3,dips,3,8,0,bench press (barbell),3,10,0,dumbbell press,4,8,0
26,Female,Weight Loss,Underweight,push,1,pushups,3,14,0,bench press (machine),4,15,0,shoulder press (machine),3,15,0
48,Male,Maintain Fitness,Normal,cardio,1,elliptical,0,0,16,none,0,0,0,none,0,0,0
41,Female,Maintain Fitness,Underweight,cardio,5,sprints,0,0,15,none,0,0,0,none,0,0,0
32,Female,Maintain Fitness,Normal,legs,5,front squats,4,11,0,bulgarian split squats,4,10,0,deadlifts,4,8,0
27,Male,Weight Loss,Overweight,cardio,1,walking,0,0,23,none,0,0,0,none,0,0,0
69,Male,Maintain Fitness,Underweight,push,1,shoulder press (machine),4,11,0,pushups,4,11,0,bench press (machine),3,8,0
41,Female,Weight Loss,Normal,pull,5,weighted pullups,4,13,0,muscle-ups,4,12,0,deadlifts,3,14,0
62,Male,Maintain Fitness,Obese,cardio,1,elliptical,0,0,38,none,0,0,0,none,0,0,0
55,Male,Weight Loss,Normal,cardio,1,walking,0,0,42,none,0,0,0,none,0,0,0
23,Female,Muscle Gain,Underweight,pull,5,muscle-ups,4,7,0,deadlifts,5,9,0,weighted pullups,5,9,0
43,Male,Weight Loss,Underweight,cardio,1,light cycling,0,0,35,none,0,0,0,none,0,0,0
50,Female,Weight Loss,Normal,cardio,5,sprints,0,0,26,none,0,0,0,none,0,0,0
67,Female,Weight Loss,Obese,legs,1,step-ups,4,14,0,bodyweight squats,4,13,0,leg press,3,13,0
41,Male,Muscle Gain,Normal,push,3,dips,5,7,0,bench press (barbell),5,7,0,dumbbell press,5,10,0
24,Female,Weight Loss,Underweight,cardio,1,walking,0,0,41,none,0,0,0,none,0,0,0
62,Male,Weight Loss,Overweight,pull,1,lat pulldown,4,13,0,face pulls,3,15,0,seated row,4,14,0
41,Male,Muscle Gain,Overweight,pull,1,face pulls,5,10,0,seated row,5,7,0,lat pulldown,5,6,0
53,Female,Weight Loss,Obese,cardio,1,walking,0,0,37,none,0,0,0,none,0,0,0
39,Female,Muscle Gain,Normal,pull,3,barbell rows,5,12,0,pullups (assisted),4,7,0,chin-ups,4,10,0
36,Female,Maintain Fitness,Underweight,cardio,1,light cycling,0,0,40,none,0,0,0,none,0,0,0
37,Male,Maintain Fitness,Obese,legs,1,step-ups,4,9,0,bodyweight squats,4,9,0,leg press,3,12,0
63,Male,Weight Loss,Overweight,push,1,shoulder press (machine),3,15,0,pushups,3,14,0,bench press (machine),3,13,0
69,Male,Maintain Fitness,Obese,cardio,1,light cycling,0,0,30,none,0,0,0,none,0,0,0
45,Female,Maintain Fitness,Obese,cardio,1,light cycling,0,0,21,none,0,0,0,none,0,0,0
25,Female,Maintain Fitness,Underweight,push,3,dumbbell press,3,9,0,dips,4,10,0,bench press (barbell),3,12,0
66,Female,Muscle Gain,Normal,pull,1,lat pulldown,4,7,0,face pulls,5,7,0,seated row,5,9,0
32,Male,Muscle Gain,Normal,cardio,1,walking,0,0,18,none,0,0,0,none,0,0,0
18,Male,Weight Loss,Overweight,pull,1,lat pulldown,4,12,0,face pulls,3,13,0,seated row,3,12,0
65,Female,Weight Loss,Normal,cardio,1,elliptical,0,0,21,none,0,0,0,none,0,0,0
44,Male,Muscle Gain,Underweight,pull,5,deadlifts,4,6,0,weighted pullups,4,8,0,muscle-ups,5,9,0
19,Female,Muscle Gain,Obese,push,1,shoulder press (machine),5,6,0,pushups,4,12,0,bench press (machine),5,7,0
57,Female,Muscle Gain,Underweight,cardio,1,elliptical,0,0,30,none,0,0,0,none,0,0,0
70,Female,Maintain Fitness,Normal,legs,1,leg press,3,10,0,bodyweight squats,4,10,0,step-ups,4,8,0
53,Male,Maintain Fitness,Underweight,cardio,1,light cycling,0,0,32,none,0,0,0,none,0,0,0
70,Female,Maintain Fitness,Overweight,cardio,1,elliptical,0,0,21,none,0,0,0,none,0,0,0
21,Female,Weight Loss,Obese,pull,1,seated row,3,12,0,lat pulldown,4,13,0,face pulls,4,12,0
70,Male,Maintain Fitness,Obese,push,1,shoulder press (machine),3,9,0,pushups,4,12,0,bench press (machine),3,10,0
54,Female,Muscle Gain,Normal,push,1,shoulder press (machine),5,7,0,bench press (machine),5,12,0,pushups,4,11,0
68,Male,Weight Loss,Normal,push,1,shoulder press (machine),4,12,0,pushups,3,12,0,bench press (machine),3,12,0
53,Female,Maintain Fitness,Overweight,cardio,1,light cycling,0,0,28,none,0,0,0,none,0,0,0
38,Male,Maintain Fitness,Obese,cardio,1,walking,0,0,28,none,0,0,0,none,0,0,0
63,Female,Muscle Gain,Overweight,pull,1,lat pulldown,5,8,0,face pulls,5,12,0,seated row,5,7,0
26,Female,Muscle Gain,Overweight,legs,1,leg press,4,10,0,step-ups,5,7,0,bodyweight squats,4,7,0
47,Male,Maintain Fitness,Obese,cardio,1,elliptical,0,0,21,none,0,0,0,none,0,0,0
31,Female,Maintain Fitness,Normal,cardio,5,sprints,0,0,39,none,0,0,0,none,0,0,0
38,Male,Muscle Gain,Normal,push,3,dips,4,9,0,bench press (barbell),5,7,0,dumbbell press,4,10,0
26,Male,Maintain Fitness,Underweight,legs,5,front squats,3,9,0,bulgarian split squats,4,9,0,deadlifts,3,9,0
41,Female,Weight Loss,Normal,cardio,1,light cycling,0,0,23,none,0,0,0,none,0,0,0
41,Male,Maintain Fitness,Obese,legs,1,step-ups,4,12,0,bodyweight squats,3,10,0,leg press,3,12,0
53,Male,Weight Loss,Obese,cardio,1,light cycling,0,0,44,none,0,0,0,none,0,0,0
68,Male,Muscle Gain,Obese,push,1,shoulder press (machine),4,8,0,pushups,4,12,0,bench press (machine),5,11,0
62,Male,Weight Loss,Overweight,pull,1,face pulls,3,15,0,lat pulldown,3,13,0,seated row,4,14,0
51,Female,Weight Loss,Underweight,cardio,1,walking,0,0,29,none,0,0,0,none,0,0,0
22,Female,Maintain Fitness,Underweight,legs,1,leg press,3,11,0,step-ups,4,12,0,bodyweight squats,4,8,0
69,Male,Muscle Gain,Normal,legs,1,leg press,5,11,0,bodyweight squats,5,9,0,step-ups,5,11,0
30,Female,Weight Loss,Obese,legs,1,leg press,4,12,0,bodyweight squats,3,12,0,step-ups,3,14,0
60,Male,Weight Loss,Normal,push,1,pushups,3,13,0,bench press (machine),3,15,0,shoulder press (machine),4,12,0
47,Female,Muscle Gain,Underweight,push,3,dumbbell press,5,9,0,bench press (barbell),4,12,0,dips,4,9,0
19,Female,Muscle Gain,Overweight,push,1,pushups,4,11,0,shoulder press (machine),5,8,0,bench press (machine),4,6,0
62,Male,Weight Loss,Underweight,push,1,shoulder press (machine),4,12,0,pushups,4,15,0,bench press (machine),3,12,0
69,Female,Weight Loss,Underweight,cardio,1,elliptical,0,0,37,none,0,0,0,none,0,0,0
33,Female,Muscle Gain,Overweight,legs,1,leg press,5,11,0,step-ups,5,11,0,bodyweight squats,4,6,0
55,Male,Muscle Gain,Obese,cardio,1,elliptical,0,0,42,none,0,0,0,none,0,0,0
31,Male,Muscle Gain,Normal,pull,1,seated row,5,12,0,face pulls,4,12,0,lat pulldown,5,10,0
58,Male,Muscle Gain,Obese,legs,1,leg press,5,7,0,bodyweight squats,4,9,0,step-ups,4,10,0
63,Male,Maintain Fitness,Overweight,pull,1,face pulls,4,12,0,seated row,4,12,0,lat pulldown,3,12,0
66,Male,Weight Loss,Overweight,cardio,1,elliptical,0,0,16,none,0,0,0,none,0,0,0
59,Male,Weight Loss,Overweight,push,1,shoulder press (machine),4,12,0,pushups,4,13,0,bench press (machine),3,14,0
18,Female,Weight Loss,Obese,push,1,shoulder press (machine),3,13,0,pushups,4,12,0,bench press (machine),3,13,0
29,Female,Maintain Fitness,Overweight,pull,1,lat pulldown,4,9,0,seated row,3,8,0,face pulls,3,8,0
24,Female,Muscle Gain,Normal,legs,5,front squats,5,9,0,bulgarian split squats,4,10,0,deadlifts,4,12,0
54,Female,Maintain Fitness,Obese,legs,1,leg press,4,10,0,bodyweight squats,3,11,0,step-ups,3,9,0
50,Male,Muscle Gain,Obese,pull,1,lat pulldown,4,8,0,seated row,5,8,0,face pulls,5,7,0
57,Male,Weight Loss,Normal,legs,1,step-ups,4,12,0,leg press,4,15,0,bodyweight squats,3,13,0
26,Female,Muscle Gain,Overweight,cardio,1,light cycling,0,0,29,none,0,0,0,none,0,0,0
49,Male,Maintain Fitness,Normal,cardio,3,cycling,0,0,16,none,0,0,0,none,0,0,0
29,Male,Muscle Gain,Underweight,pull,1,lat pulldown,5,9,0,seated row,5,12,0,face pulls,5,6,0
38,Male,Maintain Fitness,Obese,legs,1,bodyweight squats,3,9,0,leg press,3,12,0,step-ups,4,12,0
57,Female,Muscle Gain,Overweight,cardio,1,light cycling,0,0,19,none,0,0,0,none,0,0,0
42,Female,Muscle Gain,Obese,pull,1,seated row,5,9,0,face pulls,4,8,0,lat pulldown,5,6,0
61,Female,Muscle Gain,Obese,legs,1,bodyweight squats,5,7,0,step-ups,5,7,0,leg press,5,11,0
39,Male,Maintain Fitness,Underweight,cardio,3,cycling,0,0,43,none,0,0,0,none,0,0,0
39,Male,Maintain Fitness,Obese,cardio,1,walking,0,0,19,none,0,0,0,none,0,0,0
37,Male,Maintain Fitness,Overweight,legs,1,step-ups,4,9,0,leg press,4,11,0,bodyweight squats,3,10,0
30,Female,Maintain Fitness,Obese,legs,1,leg press,3,8,0,step-ups,4,11,0,bodyweight squats,3,11,0
34,Male,Muscle Gain,Obese,pull,1,lat pulldown,5,10,0,face pulls,4,11,0,seated row,5,10,0
35,Male,Maintain Fitness,Underweight,pull,1,lat pulldown,4,8,0,face pulls,3,9,0,seated row,4,10,0
42,Male,Muscle Gain,Overweight,pull,1,seated row,5,11,0,face pulls,5,10,0,lat pulldown,5,12,0
20,Male,Weight Loss,Obese,legs,1,step-ups,4,12,0,leg press,3,14,0,bodyweight squats,3,15,0
28,Female,Weight Loss,Normal,pull,5,muscle-ups,4,13,0,weighted pullups,3,14,0,deadlifts,4,14,0
47,Female,Weight Loss,Normal,pull,5,weighted pullups,4,14,0,muscle-ups,4,12,0,deadlifts,3,12,0
19,Female,Weight Loss,Obese,cardio,1,walking,0,0,17,none,0,0,0,none,0,0,0
28,Female,Weight Loss,Obese,push,1,pushups,4,12,0,shoulder press (machine),3,12,0,bench press (machine),4,15,0
42,Female,Muscle Gain,Underweight,legs,1,leg press,5,8,0,bodyweight squats,4,10,0,step-ups,5,12,0
55,Male,Maintain Fitness,Underweight,legs,1,bodyweight squats,3,11,0,leg press,3,11,0,step-ups,4,9,0
38,Female,Maintain Fitness,Overweight,pull,1,face pulls,3,12,0,lat pulldown,4,10,0,seated row,4,11,0
28,Female,Weight Loss,Underweight,pull,5,muscle-ups,4,15,0,deadlifts,4,12,0,weighted pullups,3,13,0
69,Male,Muscle Gain,Overweight,cardio,1,elliptical,0,0,29,none,0,0,0,none,0,0,0
33,Female,Maintain Fitness,Obese,pull,1,lat pulldown,4,11,0,seated row,4,12,0,face pulls,3,8,0
28,Male,Maintain Fitness,Normal,pull,3,pullups (assisted),3,10,0,chin-ups,3,10,0,barbell rows,3,8,0
36,Female,Muscle Gain,Overweight,push,1,pushups,4,9,0,bench press (machine),5,11,0,shoulder press (machine),5,11,0
40,Female,Muscle Gain,Overweight,cardio,1,light cycling,0,0,38,none,0,0,0,none,0,0,0
63,Male,Muscle Gain,Normal,legs,1,leg press,5,6,0,bodyweight squats,5,12,0,step-ups,4,6,0
40,Male,Weight Loss,Overweight,legs,1,step-ups,4,13,0,bodyweight squats,4,15,0,leg press,3,13,0
37,Male,Muscle Gain,Underweight,cardio,3,cycling,0,0,41,none,0,0,0,none,0,0,0
60,Male,Muscle Gain,Overweight,legs,1,step-ups,4,12,0,leg press,4,9,0,bodyweight squats,5,6,0
36,Female,Maintain Fitness,Overweight,pull,1,seated row,4,10,0,face pulls,4,9,0,lat pulldown,4,8,0
34,Female,Maintain Fitness,Overweight,pull,1,face pulls,3,8,0,lat pulldown,3,10,0,seated row,4,10,0
20,Male,Weight Loss,Underweight,pull,1,face pulls,4,13,0,seated row,3,13,0,lat pulldown,4,14,0
37,Female,Weight Loss,Underweight,push,5,weighted dips,4,13,0,incline bench press,3,14,0,overhead press,3,13,0
18,Female,Muscle Gain,Normal,pull,5,deadlifts,4,10,0,muscle-ups,4,7,0,weighted pullups,5,11,0
25,Female,Muscle Gain,Overweight,push,1,pushups,5,6,0,shoulder press (machine),4,10,0,bench press (machine),5,7,0
63,Female,Weight Loss,Underweight,cardio,1,elliptical,0,0,25,none,0,0,0,none,0,0,0
28,Female,Muscle Gain,Normal,cardio,3,cycling,0,0,33,none,0,0,0,none,0,0,0
60,Male,Muscle Gain,Overweight,pull,1,face pulls,4,6,0,seated row,5,6,0,lat pulldown,5,9,0
43,Female,Muscle Gain,Normal,cardio,5,HIIT,0,0,29,none,0,0,0,none,0,0,0
56,Female,Weight Loss,Overweight,cardio,1,walking,0,0,36,none,0,0,0,none,0,0,0
56,Male,Weight Loss,Normal,legs,1,step-ups,3,14,0,bodyweight squats,4,12,0,leg press,4,14,0
56,Female,Muscle Gain,Underweight,push,1,shoulder press (machine),4,11,0,pushups,5,11,0,bench press (machine),5,11,0
28,Male,Muscle Gain,Obese,push,1,bench press (machine),4,7,0,shoulder press (machine),4,12,0,pushups,4,11,0
55,Male,Muscle Gain,Underweight,push,1,pushups,5,12,0,shoulder press (machine),4,7,0,bench press (machine),4,12,0
42,Male,Muscle Gain,Obese,pull,1,seated row,4,9,0,lat pulldown,5,9,0,face pulls,5,9,0
35,Female,Muscle Gain,Overweight,push,1,pushups,4,12,0,bench press (machine),4,7,0,shoulder press (machine),5,12,0
59,Female,Weight Loss,Overweight,push,1,bench press (machine),4,14,0,pushups,4,15,0,shoulder press (machine),4,14,0
57,Male,Maintain Fitness,Normal,cardio,1,light cycling,0,0,26,none,0,0,0,none,0,0,0
19,Female,Muscle Gain,Obese,cardio,1,walking,0,0,15,none,0,0,0,none,0,0,0
60,Female,Maintain Fitness,Obese,cardio,1,walking,0,0,15,none,0,0,0,none,0,0,0
49,Female,Maintain Fitness,Obese,legs,1,step-ups,4,11,0,leg press,4,12,0,bodyweight squats,4,8,0
45,Female,Weight Loss,Normal,cardio,5,sprints,0,0,28,none,0,0,0,none,0,0,0
66,Male,Muscle Gain,Overweight,legs,1,step-ups,5,10,0,bodyweight squats,4,8,0,leg press,4,12,0
34,Male,Muscle Gain,Normal,legs,3,barbell squats,5,10,0,lunges,4,12,0,leg curls,4,10,0
47,Male,Maintain Fitness,Obese,legs,1,leg press,3,12,0,step-ups,3,10,0,bodyweight squats,4,9,0
40,Female,Maintain Fitness,Underweight,cardio,3,cycling,0,0,31,none,0,0,0,none,0,0,0
37,Male,Muscle Gain,Normal,pull,1,lat pulldown,4,12,0,seated row,5,9,0,face pulls,5,8,0
65,Female,Maintain Fitness,Obese,pull,1,face pulls,4,10,0,seated row,4,8,0,lat pulldown,3,9,0
28,Male,Maintain Fitness,Normal,pull,5,muscle-ups,3,8,0,deadlifts,4,8,0,weighted pullups,3,9,0
47,Male,Maintain Fitness,Overweight,legs,1,bodyweight squats,3,8,0,step-ups,3,11,0,leg press,4,11,0
20,Female,Muscle Gain,Underweight,push,5,weighted dips,5,11,0,overhead press,5,10,0,incline bench press,5,7,0
49,Male,Muscle Gain,Underweight,push,3,dumbbell press,4,9,0,dips,5,9,0,bench press (barbell),5,6,0
21,Male,Weight Loss,Overweight,push,1,shoulder press (machine),4,12,0,bench press (machine),3,13,0,pushups,4,14,0
25,Male,Maintain Fitness,Underweight,cardio,5,stair climbing,0,0,40,none,0,0,0,none,0,0,0
39,Female,Muscle Gain,Obese,legs,1,leg press,4,10,0,step-ups,4,6,0,bodyweight squats,4,10,0
58,Female,Weight Loss,Underweight,legs,1,leg press,4,14,0,step-ups,3,12,0,bodyweight squats,3,14,0
20,Male,Muscle Gain,Overweight,cardio,1,walking,0,0,28,none,0,0,0,none,0,0,0
46,Male,Maintain Fitness,Obese,legs,1,leg press,3,12,0,bodyweight squats,4,8,0,step-ups,3,9,0
53,Male,Muscle Gain,Obese,legs,1,bodyweight squats,5,11,0,leg press,4,10,0,step-ups,5,11,0
41,Male,Weight Loss,Obese,pull,1,face pulls,4,13,0,lat pulldown,3,15,0,seated row,3,14,0
44,Male,Muscle Gain,Overweight,pull,1,seated row,4,10,0,lat pulldown,4,9,0,face pulls,4,11,0
50,Male,Weight Loss,Overweight,cardio,1,elliptical,0,0,41,none,0,0,0,none,0,0,0
24,Male,Muscle Gain,Overweight,push,1,shoulder press (machine),4,10,0,bench press (machine),4,7,0,pushups,5,9,0
44,Male,Maintain Fitness,Underweight,legs,3,barbell squats,3,9,0,lunges,3,8,0,leg curls,4,12,0
47,Male,Weight Loss,Normal,push,3,bench press (barbell),3,14,0,dips,3,13,0,dumbbell press,4,13,0
26,Female,Weight Loss,Obese,cardio,1,walking,0,0,26,none,0,0,0,none,0,0,0
33,Female,Weight Loss,Underweight,push,5,weighted dips,4,15,0,overhead press,4,15,0,incline bench press,4,15,0
46,Male,Muscle Gain,Obese,legs,1,bodyweight squats,5,7,0,step-ups,4,6,0,leg press,5,12,0
60,Male,Weight Loss,Obese,push,1,shoulder press (machine),4,12,0,bench press (machine),4,13,0,pushups,3,13,0
63,Female,Muscle Gain,Underweight,pull,1,lat pulldown,5,7,0,seated row,4,6,0,face pulls,4,9,0
55,Female,Maintain Fitness,Underweight,cardio,1,elliptical,0,0,17,none,0,0,0,none,0,0,0
67,Male,Muscle Gain,Obese,legs,1,bodyweight squats,4,12,0,step-ups,5,11,0,leg press,5,7,0
20,Male,Maintain Fitness,Overweight,push,1,pushups,3,8,0,shoulder press (machine),4,8,0,bench press (machine),3,11,0
57,Male,Maintain Fitness,Normal,pull,1,lat pulldown,4,10,0,face pulls,4,12,0,seated row,3,8,0
48,Female,Muscle Gain,Underweight,push,5,incline bench press,5,8,0,weighted dips,4,9,0,overhead press,5,10,0
36,Male,Muscle Gain,Obese,pull,1,lat pulldown,5,8,0,face pulls,5,11,0,seated row,5,9,0
66,Female,Maintain Fitness,Overweight,cardio,1,walking,0,0,38,none,0,0,0,none,0,0,0
63,Female,Muscle Gain,Overweight,push,1,bench press (machine),5,12,0,pushups,4,10,0,shoulder press (machine),4,10,0
19,Female,Maintain Fitness,Normal,cardio,3,cycling,0,0,24,none,0,0,0,none,0,0,0
22,Male,Maintain Fitness,Normal,pull,5,deadlifts,4,12,0,muscle-ups,3,11,0,weighted pullups,4,11,0
20,Female,Weight Loss,Obese,pull,1,seated row,4,13,0,lat pulldown,4,13,0,face pulls,3,14,0
57,Male,Muscle Gain,Normal,legs,1,leg press,4,12,0,step-ups,5,11,0,bodyweight squats,5,10,0
46,Male,Weight Loss,Overweight,cardio,1,walking,0,0,36,none,0,0,0,none,0,0,0
58,Male,Muscle Gain,Obese,pull,1,face pulls,4,6,0,lat pulldown,4,8,0,seated row,5,10,0
25,Female,Muscle Gain,Overweight,push,1,pushups,4,9,0,shoulder press (machine),4,8,0,bench press (machine),5,6,0
49,Male,Maintain Fitness,Normal,push,1,shoulder press (machine),4,10,0,pushups,4,8,0,bench press (machine),4,12,0
24,Male,Maintain Fitness,Overweight,legs,1,bodyweight squats,4,8,0,step-ups,3,10,0,leg press,4,9,0
44,Male,Muscle Gain,Overweight,pull,1,face pulls,4,11,0,seated row,4,12,0,lat pulldown,5,10,0
38,Female,Muscle Gain,Overweight,push,1,bench press (machine),5,11,0,pushups,4,10,0,shoulder press (machine),4,9,0
51,Female,Maintain Fitness,Underweight,cardio,1,elliptical,0,0,23,none,0,0,0,none,0,0,0
58,Female,Weight Loss,Normal,legs,1,leg press,3,13,0,step-ups,3,14,0,bodyweight squats,4,14,0
44,Male,Muscle Gain,Obese,pull,1,seated row,5,6,0,lat pulldown,4,8,0,face pulls,5,6,0
27,Female,Muscle Gain,Underweight,cardio,3,swimming,0,0,32,none,0,0,0,none,0,0,0
37,Female,Muscle Gain,Obese,push,1,shoulder press (machine),4,6,0,pushups,5,7,0,bench press (machine),4,10,0
34,Male,Maintain Fitness,Normal,pull,5,muscle-ups,3,8,0,weighted pullups,4,12,0,deadlifts,4,10,0
31,Male,Maintain Fitness,Underweight,legs,5,deadlifts,4,11,0,bulgarian split squats,4,12,0,front squats,3,8,0
27,Male,Weight Loss,Overweight,legs,1,leg press,4,13,0,bodyweight squats,3,13,0,step-ups,3,15,0
58,Female,Weight Loss,Obese,pull,1,seated row,3,14,0,face pulls,3,15,0,lat pulldown,4,12,0
66,Male,Muscle Gain,Obese,pull,1,face pulls,5,8,0,lat pulldown,4,12,0,seated row,4,12,0
56,Female,Muscle Gain,Obese,pull,1,lat pulldown,5,9,0,seated row,5,12,0,face pulls,4,7,0
52,Male,Maintain Fitness,Underweight,cardio,1,walking,0,0,32,none,0,0,0,none,0,0,0
24,Female,Weight Loss,Obese,push,1,bench press (machine),3,14,0,shoulder press (machine),3,13,0,pushups,4,12,0
24,Female,Muscle Gain,Normal,legs,5,deadlifts,4,9,0,front squats,5,6,0,bulgarian split squats,4,12,0
23,Male,Maintain Fitness,Normal,cardio,3,swimming,0,0,19,none,0,0,0,none,0,0,0
22,Female,Weight Loss,Underweight,pull,5,deadlifts,4,15,0,muscle-ups,4,14,0,weighted pullups,3,12,0
18,Male,Weight Loss,Overweight,legs,1,step-ups,3,15,0,leg press,3,15,0,bodyweight squats,4,14,0
51,Male,Muscle Gain,Underweight,cardio,1,light cycling,0,0,28,none,0,0,0,none,0,0,0
66,Male,Maintain Fitness,Obese,pull,1,lat pulldown,4,8,0,seated row,4,10,0,face pulls,4,11,0
69,Female,Muscle Gain,Normal,legs,1,bodyweight squats,4,7,0,step-ups,5,8,0,leg press,5,12,0
59,Female,Maintain Fitness,Underweight,pull,1,face pulls,4,10,0,lat pulldown,3,11,0,seated row,4,12,0
57,Male,Muscle Gain,Underweight,push,1,shoulder press (machine),4,11,0,bench press (machine),5,10,0,pushups,4,6,0
35,Male,Weight Loss,Overweight,pull,1,lat pulldown,3,13,0,seated row,4,15,0,face pulls,4,13,0
50,Female,Maintain Fitness,Underweight,legs,1,bodyweight squats,4,9,0,leg press,3,12,0,step-ups,4,12,0
19,Female,Maintain Fitness,Normal,cardio,5,stair climbing,0,0,36,none,0,0,0,none,0,0,0
68,Female,Weight Loss,Normal,legs,1,step-ups,4,13,0,leg press,3,14,0,bodyweight squats,3,14,0
69,Male,Muscle Gain,Obese,legs,1,leg press,4,6,0,step-ups,5,8,0,bodyweight squats,4,7,0
42,Female,Muscle Gain,Obese,push,1,shoulder press (machine),5,10,0,bench press (machine),5,6,0,pushups,4,10,0
29,Male,Muscle Gain,Underweight,legs,1,step-ups,4,6,0,leg press,5,10,0,bodyweight squats,5,10,0
67,Male,Muscle Gain,Normal,legs,1,bodyweight squats,4,7,0,step-ups,4,7,0,leg press,5,11,0
68,Female,Weight Loss,Obese,legs,1,step-ups,3,13,0,leg press,4,13,0,bodyweight squats,3,13,0
22,Female,Muscle Gain,Normal,legs,5,front squats,4,10,0,bulgarian split squats,4,11,0,deadlifts,5,9,0
43,Female,Weight Loss,Normal,push,1,pushups,4,15,0,shoulder press (machine),3,12,0,bench press (machine),3,12,0
69,Male,Muscle Gain,Obese,push,1,pushups,5,7,0,shoulder press (machine),4,8,0,bench press (machine),4,11,0
45,Female,Muscle Gain,Obese,legs,1,bodyweight squats,5,8,0,step-ups,5,7,0,leg press,4,10,0
31,Female,Maintain Fitness,Normal,push,5,overhead press,4,9,0,weighted dips,4,8,0,incline bench press,3,9,0
64,Female,Maintain Fitness,Overweight,legs,1,bodyweight squats,4,10,0,leg press,3,9,0,step-ups,4,12,0
50,Female,Maintain Fitness,Obese,push,1,pushups,3,9,0,shoulder press (machine),3,11,0,bench press (machine),4,10,0
62,Male,Maintain Fitness,Obese,push,1,shoulder press (machine),3,10,0,bench press (machine),4,11,0,pushups,4,11,0
66,Male,Muscle Gain,Underweight,cardio,1,light cycling,0,0,34,none,0,0,0,none,0,0,0
42,Male,Maintain Fitness,Normal,push,5,incline bench press,4,10,0,overhead press,4,12,0,weighted dips,4,9,0
25,Female,Muscle Gain,Underweight,legs,5,front squats,4,6,0,deadlifts,5,11,0,bulgarian split squats,5,7,0
23,Male,Muscle Gain,Underweight,cardio,5,HIIT,0,0,32,none,0,0,0,none,0,0,0
40,Male,Muscle Gain,Obese,legs,1,step-ups,4,9,0,leg press,4,8,0,bodyweight squats,4,11,0
59,Male,Maintain Fitness,Underweight,push,1,pushups,4,12,0,bench press (machine),3,11,0,shoulder press (machine),4,12,0
31,Female,Weight Loss,Normal,cardio,1,walking,0,0,27,none,0,0,0,none,0,0,0
25,Female,Muscle Gain,Overweight,push,1,shoulder press (machine),5,12,0,pushups,5,9,0,bench press (machine),5,9,0
37,Male,Maintain Fitness,Overweight,legs,1,step-ups,3,11,0,leg press,3,11,0,bodyweight squats,3,10,0
59,Female,Muscle Gain,Normal,legs,1,step-ups,4,10,0,leg press,5,9,0,bodyweight squats,4,12,0
64,Female,Weight Loss,Obese,legs,1,step-ups,4,12,0,bodyweight squats,3,12,0,leg press,4,13,0
20,Male,Muscle Gain,Overweight,push,1,bench press (machine),5,11,0,shoulder press (machine),4,9,0,pushups,4,8,0
43,Female,Maintain Fitness,Underweight,legs,3,leg curls,4,9,0,lunges,3,12,0,barbell squats,3,10,0
47,Female,Muscle Gain,Obese,cardio,1,walking,0,0,28,none,0,0,0,none,0,0,0
62,Female,Muscle Gain,Normal,cardio,1,elliptical,0,0,26,none,0,0,0,none,0,0,0
54,Male,Muscle Gain,Obese,cardio,1,walking,0,0,19,none,0,0,0,none,0,0,0
52,Female,Weight Loss,Normal,legs,1,bodyweight squats,4,12,0,leg press,3,15,0,step-ups,3,14,0
34,Female,Muscle Gain,Overweight,legs,1,step-ups,5,10,0,leg press,5,6,0,bodyweight squats,5,12,0
41,Female,Weight Loss,Obese,pull,1,face pulls,4,15,0,seated row,3,13,0,lat pulldown,3,15,0
29,Female,Muscle Gain,Overweight,cardio,1,light cycling,0,0,35,none,0,0,0,none,0,0,0
26,Male,Maintain Fitness,Overweight,legs,1,step-ups,4,11,0,bodyweight squats,3,12,0,leg press,3,9,0
58,Female,Muscle Gain,Underweight,legs,1,leg press,5,7,0,bodyweight squats,5,6,0,step-ups,4,10,0
48,Male,Maintain Fitness,Normal,push,3,dumbbell press,3,12,0,bench press (barbell),4,12,0,dips,3,9,0
24,Female,Muscle Gain,Normal,push,5,overhead press,4,8,0,incline bench press,4,6,0,weighted dips,4,10,0
51,Male,Muscle Gain,Normal,legs,1,step-ups,5,9,0,bodyweight squats,5,9,0,leg press,5,9,0
39,Female,Weight Loss,Obese,legs,1,leg press,4,13,0,bodyweight squats,3,15,0,step-ups,3,12,0
32,Female,Maintain Fitness,Overweight,pull,1,seated row,3,8,0,lat pulldown,4,11,0,face pulls,3,10,0
19,Female,Weight Loss,Overweight,legs,1,step-ups,3,12,0,bodyweight squats,4,15,0,leg press,3,15,0
21,Male,Weight Loss,Underweight,pull,5,muscle-ups,4,14,0,weighted pullups,4,14,0,deadlifts,4,13,0
28,Male,Muscle Gain,Overweight,push,1,bench press (machine),4,7,0,pushups,5,9,0,shoulder press (machine),4,11,0
67,Male,Weight Loss,Obese,legs,1,step-ups,3,14,0,bodyweight squats,3,12,0,leg press,4,14,0
33,Female,Muscle Gain,Obese,pull,1,lat pulldown,4,6,0,face pulls,5,11,0,seated row,5,9,0
49,Female,Muscle Gain,Obese,pull,1,lat pulldown,4,8,0,face pulls,4,9,0,seated row,4,9,0
29,Male,Weight Loss,Normal,push,3,dumbbell press,3,12,0,dips,3,14,0,bench press (barbell),4,14,0
55,Male,Weight Loss,Normal,push,1,bench press (machine),4,12,0,shoulder press (machine),4,14,0,pushups,4,12,0
66,Female,Weight Loss,Underweight,push,1,pushups,4,13,0,bench press (machine),4,13,0,shoulder press (machine),3,12,0
48,Male,Weight Loss,Normal,pull,3,chin-ups,4,14,0,barbell rows,4,12,0,pullups (assisted),4,15,0
69,Female,Maintain Fitness,Normal,pull,1,lat pulldown,4,8,0,seated row,3,8,0,face pulls,4,8,0
24,Male,Muscle Gain,Obese,push,1,pushups,5,10,0,bench press (machine),5,9,0,shoulder press (machine),5,12,0
47,Female,Weight Loss,Overweight,push,1,shoulder press (machine),4,14,0,bench press (machine),3,15,0,pushups,4,14,0
67,Female,Maintain Fitness,Overweight,legs,1,leg press,4,11,0,bodyweight squats,3,10,0,step-ups,4,8,0
30,Male,Weight Loss,Overweight,legs,1,bodyweight squats,3,14,0,leg press,4,15,0,step-ups,3,15,0
31,Male,Maintain Fitness,Obese,push,1,bench press (machine),3,9,0,shoulder press (machine),4,9,0,pushups,3,8,0
47,Female,Maintain Fitness,Underweight,pull,1,seated row,3,11,0,face pulls,3,10,0,lat pulldown,3,9,0
38,Female,Weight Loss,Underweight,cardio,1,elliptical,0,0,27,none,0,0,0,none,0,0,0
43,Male,Maintain Fitness,Normal,pull,5,weighted pullups,3,10,0,deadlifts,4,9,0,muscle-ups,4,11,0
32,Female,Maintain Fitness,Underweight,pull,5,deadlifts,4,11,0,muscle-ups,4,10,0,weighted pullups,4,8,0
49,Female,Maintain Fitness,Overweight,push,1,bench press (machine),4,11,0,shoulder press (machine),3,11,0,pushups,3,12,0
52,Female,Maintain Fitness,Overweight,cardio,1,elliptical,0,0,31,none,0,0,0,none,0,0,0
45,Female,Weight Loss,Underweight,legs,1,leg press,4,15,0,bodyweight squats,3,12,0,step-ups,3,14,0
67,Male,Muscle Gain,Underweight,legs,1,bodyweight squats,5,11,0,step-ups,4,12,0,leg press,4,12,0
42,Female,Muscle Gain,Normal,cardio,5,sprints,0,0,29,none,0,0,0,none,0,0,0
38,Male,Maintain Fitness,Underweight,push,3,dips,4,9,0,dumbbell press,4,10,0,bench press (barbell),4,8,0
52,Male,Maintain Fitness,Obese,pull,1,face pulls,3,9,0,seated row,4,12,0,lat pulldown,3,8,0
22,Male,Maintain Fitness,Overweight,legs,1,step-ups,3,10,0,leg press,3,11,0,bodyweight squats,3,8,0
22,Male,Weight Loss,Normal,legs,1,step-ups,4,12,0,leg press,3,13,0,bodyweight squats,3,12,0
18,Male,Maintain Fitness,Obese,push,1,bench press (machine),3,9,0,pushups,4,10,0,shoulder press (machine),3,11,0
40,Female,Muscle Gain,Normal,push,3,dips,5,10,0,dumbbell press,5,11,0,bench press (barbell),4,11,0
50,Male,Weight Loss,Overweight,cardio,1,elliptical,0,0,42,none,0,0,0,none,0,0,0
50,Female,Muscle Gain,Obese,push,1,bench press (machine),4,9,0,pushups,5,10,0,shoulder press (machine),5,7,0
29,Male,Weight Loss,Normal,pull,5,weighted pullups,3,12,0,muscle-ups,3,15,0,deadlifts,3,12,0
51,Male,Weight Loss,Overweight,cardio,1,elliptical,0,0,32,none,0,0,0,none,0,0,0
52,Female,Weight Loss,Normal,pull,1,seated row,3,12,0,face pulls,3,14,0,lat pulldown,3,13,0
26,Female,Weight Loss,Overweight,legs,1,leg press,4,14,0,bodyweight squats,4,15,0,step-ups,4,12,0
28,Female,Weight Loss,Normal,pull,3,chin-ups,3,12,0,barbell rows,3,14,0,pullups (assisted),3,13,0
20,Male,Weight Loss,Obese,legs,1,bodyweight squats,4,14,0,leg press,3,15,0,step-ups,4,12,0
63,Male,Maintain Fitness,Overweight,cardio,1,light cycling,0,0,28,none,0,0,0,none,0,0,0
19,Male,Muscle Gain,Normal,cardio,5,stair climbing,0,0,21,none,0,0,0,none,0,0,0
19,Male,Weight Loss,Underweight,pull,5,deadlifts,3,13,0,muscle-ups,4,15,0,weighted pullups,4,13,0
24,Female,Weight Loss,Underweight,cardio,1,elliptical,0,0,22,none,0,0,0,none,0,0,0
28,Female,Muscle Gain,Normal,cardio,1,light cycling,0,0,38,none,0,0,0,none,0,0,0
53,Male,Weight Loss,Normal,legs,1,step-ups,3,13,0,leg press,4,15,0,bodyweight squats,3,14,0
50,Female,Weight Loss,Overweight,pull,1,lat pulldown,4,12,0,face pulls,4,15,0,seated row,4,14,0
44,Female,Maintain Fitness,Obese,legs,1,step-ups,4,12,0,leg press,4,8,0,bodyweight squats,3,10,0
54,Female,Weight Loss,Overweight,legs,1,leg press,3,15,0,step-ups,3,13,0,bodyweight squats,3,13,0
39,Female,Maintain Fitness,Normal,legs,3,lunges,3,10,0,barbell squats,4,8,0,leg curls,3,12,0
65,Female,Muscle Gain,Underweight,legs,1,bodyweight squats,5,11,0,leg press,4,7,0,step-ups,4,12,0
25,Male,Weight Loss,Normal,cardio,1,walking,0,0,32,none,0,0,0,none,0,0,0
32,Male,Weight Loss,Overweight,cardio,1,walking,0,0,30,none,0,0,0,none,0,0,0
27,Male,Muscle Gain,Overweight,push,1,bench press (machine),5,12,0,pushups,5,7,0,shoulder press (machine),4,6,0
33,Male,Maintain Fitness,Overweight,cardio,1,elliptical,0,0,29,none,0,0,0,none,0,0,0
21,Female,Maintain Fitness,Underweight,push,3,dumbbell press,3,12,0,bench press (barbell),3,9,0,dips,3,10,0
55,Female,Muscle Gain,Normal,legs,1,leg press,4,8,0,bodyweight squats,5,8,0,step-ups,5,12,0
69,Female,Weight Loss,Overweight,legs,1,leg press,4,14,0,step-ups,4,15,0,bodyweight squats,3,12,0
63,Male,Muscle Gain,Obese,legs,1,leg press,4,12,0,bodyweight squats,5,9,0,step-ups,5,6,0
44,Male,Maintain Fitness,Obese,cardio,1,walking,0,0,24,none,0,0,0,none,0,0,0
63,Female,Muscle Gain,Obese,cardio,1,light cycling,0,0,22,none,0,0,0,none,0,0,0
43,Female,Maintain Fitness,Overweight,cardio,1,light cycling,0,0,42,none,0,0,0,none,0,0,0
42,Male,Maintain Fitness,Obese,cardio,1,elliptical,0,0,17,none,0,0,0,none,0,0,0
64,Female,Muscle Gain,Underweight,cardio,1,elliptical,0,0,40,none,0,0,0,none,0,0,0
23,Male,Maintain Fitness,Normal,cardio,1,light cycling,0,0,41,none,0,0,0,none,0,0,0
29,Female,Maintain Fitness,Obese,cardio,1,walking,0,0,26,none,0,0,0,none,0,0,0
41,Male,Muscle Gain,Obese,pull,1,face pulls,5,11,0,seated row,4,6,0,lat pulldown,4,11,0
63,Male,Weight Loss,Obese,legs,1,bodyweight squats,4,15,0,leg press,4,14,0,step-ups,3,14,0
49,Female,Maintain Fitness,Normal,legs,1,step-ups,3,8,0,leg press,4,11,0,bodyweight squats,3,8,0
44,Female,Weight Loss,Normal,pull,1,face pulls,3,15,0,seated row,4,15,0,lat pulldown,4,14,0
62,Male,Muscle Gain,Overweight,push,1,shoulder press (machine),5,8,0,pushups,4,6,0,bench press (machine),5,6,0
54,Female,Muscle Gain,Normal,legs,1,bodyweight squats,5,9,0,step-ups,5,7,0,leg press,4,12,0
27,Female,Maintain Fitness,Overweight,cardio,1,light cycling,0,0,20,none,0,0,0,none,0,0,0
61,Female,Muscle Gain,Underweight,legs,1,step-ups,5,11,0,bodyweight squats,5,7,0,leg press,5,8,0
69,Female,Weight Loss,Obese,cardio,1,elliptical,0,0,28,none,0,0,0,none,0,0,0
24,Female,Muscle Gain,Underweight,push,5,incline bench press,5,12,0,weighted dips,5,10,0,overhead press,5,9,0
31,Male,Muscle Gain,Obese,pull,1,seated row,4,6,0,lat pulldown,4,9,0,face pulls,4,8,0
57,Male,Muscle Gain,Overweight,push,1,shoulder press (machine),4,7,0,bench press (machine),5,11,0,pushups,5,11,0
62,Male,Muscle Gain,Overweight,cardio,1,elliptical,0,0,19,none,0,0,0,none,0,0,0
42,Male,Maintain Fitness,Normal,legs,1,step-ups,3,12,0,bodyweight squats,4,10,0,leg press,4,8,0
51,Female,Maintain Fitness,Overweight,cardio,1,walking,0,0,21,none,0,0,0,none,0,0,0
42,Female,Weight Loss,Obese,cardio,1,elliptical,0,0,30,none,0,0,0,none,0,0,0
20,Male,Muscle Gain,Obese,legs,1,leg press,5,7,0,bodyweight squats,5,9,0,step-ups,5,7,0
68,Female,Maintain Fitness,Normal,cardio,1,light cycling,0,0,35,none,0,0,0,none,0,0,0
44,Male,Maintain Fitness,Underweight,cardio,5,stair climbing,0,0,17,none,0,0,0,none,0,0,0
67,Female,Muscle Gain,Obese,push,1,bench press (machine),4,9,0,pushups,4,10,0,shoulder press (machine),4,11,0
24,Female,Muscle Gain,Obese,legs,1,step-ups,4,10,0,leg press,5,7,0,bodyweight squats,5,12,0
66,Female,Muscle Gain,Obese,cardio,1,light cycling,0,0,20,none,0,0,0,none,0,0,0
18,Female,Maintain Fitness,Normal,legs,5,front squats,4,8,0,deadlifts,3,10,0,bulgarian split squats,3,10,0
43,Male,Weight Loss,Overweight,legs,1,step-ups,3,15,0,bodyweight squats,4,15,0,leg press,4,14,0
65,Male,Weight Loss,Underweight,pull,1,seated row,3,12,0,lat pulldown,3,14,0,face pulls,4,14,0
53,Male,Weight Loss,Obese,pull,1,lat pulldown,4,15,0,seated row,4,14,0,face pulls,3,14,0
52,Male,Weight Loss,Obese,pull,1,face pulls,3,13,0,seated row,4,12,0,lat pulldown,3,15,0
51,Female,Maintain Fitness,Underweight,cardio,1,walking,0,0,17,none,0,0,0,none,0,0,0
27,Male,Maintain Fitness,Overweight,push,1,bench press (machine),4,9,0,pushups,4,10,0,shoulder press (machine),3,11,0
32,Male,Maintain Fitness,Underweight,cardio,5,sprints,0,0,18,none,0,0,0,none,0,0,0
47,Male,Weight Loss,Obese,legs,1,bodyweight squats,4,14,0,leg press,4,15,0,step-ups,4,14,0
65,Female,Muscle Gain,Underweight,cardio,1,light cycling,0,0,41,none,0,0,0,none,0,0,0
38,Female,Weight Loss,Normal,cardio,3,jogging,0,0,34,none,0,0,0,none,0,0,0
44,Male,Muscle Gain,Obese,push,1,shoulder press (machine),4,8,0,pushups,5,11,0,bench press (machine),5,6,0
19,Female,Weight Loss,Normal,legs,5,deadlifts,3,13,0,bulgarian split squats,4,13,0,front squats,4,14,0
32,Female,Maintain Fitness,Underweight,cardio,1,walking,0,0,38,none,0,0,0,none,0,0,0
57,Female,Muscle Gain,Normal,legs,1,leg press,5,8,0,step-ups,5,9,0,bodyweight squats,5,10,0
44,Male,Weight Loss,Overweight,legs,1,bodyweight squats,3,15,0,step-ups,4,14,0,leg press,3,13,0
43,Male,Weight Loss,Overweight,push,1,bench press (machine),3,13,0,shoulder press (machine),4,15,0,pushups,4,12,0
24,Female,Maintain Fitness,Underweight,legs,1,bodyweight squats,4,12,0,leg press,4,12,0,step-ups,4,9,0
55,Male,Muscle Gain,Underweight,cardio,1,walking,0,0,23,none,0,0,0,none,0,0,0
58,Male,Muscle Gain,Overweight,cardio,1,light cycling,0,0,30,none,0,0,0,none,0,0,0
21,Male,Maintain Fitness,Underweight,legs,1,step-ups,3,12,0,leg press,4,8,0,bodyweight squats,4,11,0
21,Male,Muscle Gain,Underweight,push,5,weighted dips,5,11,0,incline bench press,5,9,0,overhead press,4,7,0
45,Male,Weight Loss,Obese,push,1,bench press (machine),3,12,0,shoulder press (machine),4,13,0,pushups,3,12,0
57,Female,Muscle Gain,Obese,cardio,1,walking,0,0,20,none,0,0,0,none,0,0,0
59,Male,Maintain Fitness,Obese,pull,1,lat pulldown,3,9,0,seated row,4,11,0,face pulls,4,12,0
56,Female,Weight Loss,Underweight,push,1,pushups,3,12,0,bench press (machine),3,14,0,shoulder press (machine),3,15,0
39,Male,Maintain Fitness,Overweight,legs,1,step-ups,4,9,0,bodyweight squats,3,8,0,leg press,3,8,0
21,Female,Weight Loss,Underweight,pull,1,face pulls,3,13,0,seated row,4,12,0,lat pulldown,4,15,0
21,Female,Muscle Gain,Underweight,cardio,5,stair climbing,0,0,32,none,0,0,0,none,0,0,0
64,Male,Weight Loss,Obese,push,1,bench press (machine),4,13,0,pushups,4,14,0,shoulder press (machine),3,15,0
60,Female,Muscle Gain,Obese,push,1,pushups,5,11,0,bench press (machine),5,6,0,shoulder press (machine),5,8,0
69,Female,Weight Loss,Obese,cardio,1,light cycling,0,0,42,none,0,0,0,none,0,0,0
50,Male,Weight Loss,Underweight,legs,3,lunges,4,12,0,barbell squats,4,15,0,leg curls,3,12,0
51,Female,Muscle Gain,Underweight,cardio,1,walking,0,0,22,none,0,0,0,none,0,0,0
50,Female,Maintain Fitness,Obese,legs,1,leg press,4,12,0,step-ups,4,9,0,bodyweight squats,3,8,0
33,Female,Muscle Gain,Obese,legs,1,step-ups,4,10,0,bodyweight squats,4,9,0,leg press,5,10,0
27,Male,Muscle Gain,Normal,legs,1,leg press,4,8,0,bodyweight squats,5,6,0,step-ups,5,7,0
58,Male,Weight Loss,Normal,pull,1,seated row,3,14,0,lat pulldown,3,13,0,face pulls,3,13,0
32,Male,Weight Loss,Overweight,legs,1,step-ups,3,13,0,bodyweight squats,3,14,0,leg press,4,12,0
60,Female,Maintain Fitness,Underweight,legs,1,bodyweight squats,3,12,0,step-ups,4,10,0,leg press,3,12,0
43,Female,Maintain Fitness,Overweight,cardio,1,elliptical,0,0,41,none,0,0,0,none,0,0,0
64,Male,Muscle Gain,Normal,push,1,shoulder press (machine),4,8,0,pushups,4,11,0,bench press (machine),4,11,0
70,Female,Muscle Gain,Overweight,cardio,1,walking,0,0,34,none,0,0,0,none,0,0,0
40,Male,Muscle Gain,Underweight,push,3,dumbbell press,4,6,0,dips,5,12,0,bench press (barbell),5,8,0
41,Female,Weight Loss,Overweight,legs,1,leg press,3,14,0,step-ups,3,13,0,bodyweight squats,3,14,0
55,Male,Weight Loss,Obese,cardio,1,walking,0,0,20,none,0,0,0,none,0,0,0
39,Male,Weight Loss,Obese,pull,1,seated row,3,13,0,face pulls,4,12,0,lat pulldown,3,14,0
41,Male,Weight Loss,Normal,cardio,5,stair climbing,0,0,25,none,0,0,0,none,0,0,0
37,Female,Maintain Fitness,Overweight,pull,1,lat pulldown,3,11,0,face pulls,3,11,0,seated row,4,11,0
53,Male,Maintain Fitness,Normal,pull,1,lat pulldown,4,11,0,face pulls,4,10,0,seated row,3,11,0
20,Female,Weight Loss,Normal,push,3,bench press (barbell),4,15,0,dips,3,13,0,dumbbell press,4,12,0
37,Female,Weight Loss,Overweight,push,1,shoulder press (machine),3,15,0,bench press (machine),3,15,0,pushups,4,13,0
27,Male,Maintain Fitness,Overweight,pull,1,lat pulldown,4,9,0,face pulls,3,9,0,seated row,4,12,0
42,Female,Muscle Gain,Normal,cardio,1,elliptical,0,0,28,none,0,0,0,none,0,0,0
24,Male,Weight Loss,Overweight,pull,1,lat pulldown,4,15,0,seated row,4,13,0,face pulls,4,14,0
53,Female,Maintain Fitness,Normal,legs,1,leg press,4,8,0,step-ups,3,10,0,bodyweight squats,3,8,0
22,Male,Muscle Gain,Normal,pull,5,muscle-ups,4,8,0,deadlifts,5,11,0,weighted pullups,4,12,0
37,Female,Muscle Gain,Obese,push,1,pushups,5,11,0,bench press (machine),4,6,0,shoulder press (machine),5,12,0
36,Female,Maintain Fitness,Normal,push,1,shoulder press (machine),3,12,0,pushups,3,12,0,bench press (machine),4,9,0
18,Male,Weight Loss,Overweight,cardio,1,walking,0,0,40,none,0,0,0,none,0,0,0
40,Female,Weight Loss,Underweight,pull,5,deadlifts,3,12,0,muscle-ups,3,12,0,weighted pullups,3,15,0
43,Male,Maintain Fitness,Obese,pull,1,lat pulldown,3,10,0,seated row,4,12,0,face pulls,3,9,0
55,Male,Maintain Fitness,Overweight,pull,1,seated row,4,11,0,face pulls,3,10,0,lat pulldown,3,9,0
68,Female,Maintain Fitness,Underweight,legs,1,leg press,4,12,0,step-ups,3,10,0,bodyweight squats,4,12,0
47,Male,Weight Loss,Overweight,pull,1,seated row,4,12,0,face pulls,3,12,0,lat pulldown,4,15,0
31,Male,Muscle Gain,Normal,legs,5,bulgarian split squats,4,10,0,deadlifts,4,11,0,front squats,4,11,0
50,Female,Maintain Fitness,Underweight,push,1,pushups,4,8,0,shoulder press (machine),4,9,0,bench press (machine),4,10,0
67,Female,Maintain Fitness,Overweight,legs,1,bodyweight squats,4,8,0,leg press,3,11,0,step-ups,3,11,0
36,Male,Maintain Fitness,Obese,pull,1,seated row,3,10,0,face pulls,4,10,0,lat pulldown,3,8,0
43,Male,Maintain Fitness,Obese,push,1,bench press (machine),3,9,0,shoulder press (machine),3,10,0,pushups,3,8,0
48,Male,Weight Loss,Overweight,push,1,bench press (machine),4,12,0,shoulder press (machine),4,13,0,pushups,4,14,0
40,Male,Weight Loss,Normal,cardio,3,cycling,0,0,44,none,0,0,0,none,0,0,0
22,Female,Maintain Fitness,Underweight,push,5,weighted dips,3,10,0,incline bench press,4,10,0,overhead press,4,8,0
33,Male,Weight Loss,Obese,pull,1,lat pulldown,4,14,0,seated row,3,15,0,face pulls,4,14,0
39,Female,Weight Loss,Overweight,push,1,shoulder press (machine),3,13,0,bench press (machine),3,15,0,pushups,3,12,0
49,Male,Weight Loss,Obese,cardio,1,walking,0,0,18,none,0,0,0,none,0,0,0
32,Male,Weight Loss,Obese,legs,1,step-ups,4,13,0,bodyweight squats,3,13,0,leg press,3,14,0
37,Female,Weight Loss,Obese,pull,1,seated row,4,15,0,face pulls,4,12,0,lat pulldown,3,14,0
48,Male,Weight Loss,Obese,cardio,1,light cycling,0,0,25,none,0,0,0,none,0,0,0
39,Female,Weight Loss,Normal,push,3,dumbbell press,3,13,0,bench press (barbell),3,15,0,dips,4,14,0
41,Female,Maintain Fitness,Overweight,cardio,1,light cycling,0,0,26,none,0,0,0,none,0,0,0
40,Male,Muscle Gain,Overweight,pull,1,lat pulldown,5,12,0,seated row,4,10,0,face pulls,4,11,0
35,Male,Weight Loss,Normal,push,3,dumbbell press,4,13,0,bench press (barbell),3,14,0,dips,3,15,0
64,Male,Weight Loss,Obese,push,1,bench press (machine),4,14,0,shoulder press (machine),4,12,0,pushups,4,14,0
54,Female,Weight Loss,Overweight,cardio,1,elliptical,0,0,45,none,0,0,0,none,0,0,0
63,Female,Weight Loss,Normal,cardio,1,walking,0,0,32,none,0,0,0,none,0,0,0
67,Female,Muscle Gain,Underweight,legs,1,bodyweight squats,4,9,0,step-ups,4,6,0,leg press,4,6,0
23,Female,Muscle Gain,Overweight,cardio,1,walking,0,0,31,none,0,0,0,none,0,0,0
45,Female,Maintain Fitness,Overweight,pull,1,seated row,3,11,0,face pulls,3,8,0,lat pulldown,3,12,0
47,Male,Weight Loss,Obese,push,1,pushups,3,12,0,shoulder press (machine),4,15,0,bench press (machine),3,14,0
19,Male,Weight Loss,Overweight,pull,1,face pulls,3,13,0,seated row,4,14,0,lat pulldown,4,14,0
37,Male,Muscle Gain,Obese,legs,1,step-ups,4,8,0,leg press,5,11,0,bodyweight squats,5,8,0
63,Male,Maintain Fitness,Obese,push,1,pushups,4,12,0,bench press (machine),3,12,0,shoulder press (machine),4,9,0
33,Female,Muscle Gain,Underweight,push,5,weighted dips,5,8,0,overhead press,5,11,0,incline bench press,5,7,0
52,Male,Maintain Fitness,Obese,legs,1,leg press,4,8,0,bodyweight squats,3,11,0,step-ups,3,12,0
20,Female,Muscle Gain,Overweight,pull,1,face pulls,4,6,0,lat pulldown,4,6,0,seated row,5,12,0
64,Male,Maintain Fitness,Obese,cardio,1,elliptical,0,0,22,none,0,0,0,none,0,0,0
37,Female,Maintain Fitness,Overweight,pull,1,lat pulldown,3,9,0,seated row,4,9,0,face pulls,4,12,0
44,Female,Maintain Fitness,Underweight,legs,5,bulgarian split squats,4,11,0,deadlifts,4,10,0,front squats,3,12,0
50,Male,Muscle Gain,Overweight,pull,1,face pulls,5,7,0,seated row,5,8,0,lat pulldown,4,7,0
68,Male,Muscle Gain,Normal,legs,1,leg press,5,9,0,bodyweight squats,4,6,0,step-ups,4,7,0
66,Female,Weight Loss,Obese,legs,1,bodyweight squats,3,13,0,step-ups,3,12,0,leg press,3,14,0
42,Male,Maintain Fitness,Underweight,legs,1,step-ups,3,8,0,leg press,4,8,0,bodyweight squats,3,11,0
50,Male,Weight Loss,Overweight,push,1,shoulder press (machine),3,12,0,bench press (machine),4,13,0,pushups,3,13,0
67,Female,Weight Loss,Normal,legs,1,step-ups,3,14,0,bodyweight squats,4,15,0,leg press,4,15,0
56,Female,Muscle Gain,Underweight,push,1,shoulder press (machine),4,7,0,pushups,5,12,0,bench press (machine),5,12,0
69,Female,Muscle Gain,Underweight,pull,1,seated row,4,6,0,lat pulldown,5,12,0,face pulls,4,8,0
61,Male,Weight Loss,Overweight,push,1,shoulder press (machine),3,15,0,bench press (machine),4,14,0,pushups,4,12,0
62,Female,Maintain Fitness,Obese,pull,1,seated row,3,9,0,face pulls,4,8,0,lat pulldown,3,8,0
70,Female,Muscle Gain,Underweight,push,1,bench press (machine),4,12,0,shoulder press (machine),5,9,0,pushups,5,7,0
69,Female,Muscle Gain,Obese,cardio,1,light cycling,0,0,31,none,0,0,0,none,0,0,0
25,Female,Muscle Gain,Obese,push,1,pushups,4,8,0,bench press (machine),5,10,0,shoulder press (machine),5,11,0
52,Female,Muscle Gain,Normal,cardio,1,light cycling,0,0,18,none,0,0,0,none,0,0,0
32,Male,Muscle Gain,Obese,legs,1,leg press,4,10,0,step-ups,5,12,0,bodyweight squats,5,7,0
31,Male,Maintain Fitness,Obese,cardio,1,walking,0,0,22,none,0,0,0,none,0,0,0
41,Male,Maintain Fitness,Normal,pull,1,seated row,3,9,0,lat pulldown,3,8,0,face pulls,4,8,0
47,Male,Weight Loss,Normal,pull,1,face pulls,4,12,0,lat pulldown,4,14,0,seated row,4,13,0
19,Male,Weight Loss,Normal,legs,3,barbell squats,3,14,0,lunges,3,14,0,leg curls,4,14,0
63,Male,Maintain Fitness,Underweight,cardio,1,light cycling,0,0,38,none,0,0,0,none,0,0,0
68,Female,Maintain Fitness,Obese,push,1,bench press (machine),3,8,0,pushups,4,9,0,shoulder press (machine),4,12,0
33,Female,Maintain Fitness,Normal,pull,3,barbell rows,3,12,0,chin-ups,4,9,0,pullups (assisted),4,9,0
32,Male,Muscle Gain,Underweight,legs,3,leg curls,4,6,0,lunges,4,6,0,barbell squats,5,11,0
30,Female,Maintain Fitness,Obese,legs,1,step-ups,4,12,0,bodyweight squats,3,12,0,leg press,3,11,0
23,Male,Muscle Gain,Underweight,cardio,5,sprints,0,0,29,none,0,0,0,none,0,0,0
32,Male,Muscle Gain,Overweight,pull,1,face pulls,4,6,0,lat pulldown,5,11,0,seated row,5,11,0
46,Female,Weight Loss,Underweight,legs,3,leg curls,3,12,0,lunges,3,13,0,barbell squats,4,12,0
62,Female,Weight Loss,Underweight,pull,1,seated row,3,12,0,lat pulldown,4,14,0,face pulls,4,12,0
22,Male,Maintain Fitness,Normal,legs,3,lunges,3,8,0,barbell squats,3,9,0,leg curls,3,8,0
70,Female,Muscle Gain,Underweight,push,1,pushups,5,8,0,shoulder press (machine),5,8,0,bench press (machine),4,11,0
45,Female,Weight Loss,Normal,legs,3,leg curls,3,12,0,lunges,3,15,0,barbell squats,3,15,0
64,Male,Maintain Fitness,Normal,push,1,shoulder press (machine),3,9,0,bench press (machine),3,12,0,pushups,4,11,0
57,Female,Weight Loss,Obese,pull,1,seated row,3,12,0,face pulls,3,14,0,lat pulldown,4,12,0
48,Male,Muscle Gain,Normal,pull,3,chin-ups,4,6,0,barbell rows,5,10,0,pullups (assisted),4,12,0
29,Male,Weight Loss,Normal,cardio,3,swimming,0,0,42,none,0,0,0,none,0,0,0
63,Male,Weight Loss,Underweight,legs,1,step-ups,3,13,0,leg press,4,14,0,bodyweight squats,4,13,0
64,Male,Weight Loss,Obese,push,1,bench press (machine),3,15,0,pushups,4,15,0,shoulder press (machine),3,12,0
52,Male,Weight Loss,Obese,cardio,1,walking,0,0,18,none,0,0,0,none,0,0,0
60,Male,Maintain Fitness,Obese,push,1,shoulder press (machine),4,8,0,bench press (machine),3,8,0,pushups,4,12,0
20,Female,Maintain Fitness,Underweight,push,3,dumbbell press,4,12,0,dips,4,12,0,bench press (barbell),3,12,0
26,Male,Weight Loss,Obese,cardio,1,walking,0,0,38,none,0,0,0,none,0,0,0
26,Female,Weight Loss,Overweight,legs,1,leg press,4,14,0,bodyweight squats,3,13,0,step-ups,4,15,0
53,Male,Muscle Gain,Obese,pull,1,seated row,5,7,0,lat pulldown,5,11,0,face pulls,5,10,0
34,Male,Muscle Gain,Underweight,push,1,pushups,5,8,0,shoulder press (machine),4,10,0,bench press (machine),4,11,0
28,Male,Weight Loss,Obese,cardio,1,walking,0,0,25,none,0,0,0,none,0,0,0
33,Female,Muscle Gain,Overweight,cardio,1,walking,0,0,20,none,0,0,0,none,0,0,0
22,Male,Weight Loss,Overweight,push,1,bench press (machine),3,14,0,shoulder press (machine),3,14,0,pushups,3,14,0
27,Female,Maintain Fitness,Overweight,legs,1,step-ups,4,12,0,leg press,4,8,0,bodyweight squats,4,11,0
34,Female,Muscle Gain,Underweight,cardio,1,walking,0,0,20,none,0,0,0,none,0,0,0
36,Male,Weight Loss,Normal,cardio,3,swimming,0,0,26,none,0,0,0,none,0,0,0
51,Female,Weight Loss,Obese,push,1,shoulder press (machine),3,14,0,pushups,4,13,0,bench press (machine),3,13,0
69,Male,Maintain Fitness,Overweight,legs,1,step-ups,4,9,0,leg press,4,9,0,bodyweight squats,3,10,0
54,Female,Weight Loss,Overweight,push,1,shoulder press (machine),3,13,0,pushups,4,15,0,bench press (machine),3,15,0
26,Male,Weight Loss,Normal,pull,3,chin-ups,3,13,0,pullups (assisted),3,12,0,barbell rows,4,15,0
45,Male,Muscle Gain,Normal,pull,1,seated row,5,11,0,lat pulldown,5,9,0,face pulls,5,12,0
40,Female,Maintain Fitness,Obese,cardio,1,elliptical,0,0,42,none,0,0,0,none,0,0,0
49,Male,Muscle Gain,Obese,pull,1,face pulls,4,7,0,lat pulldown,5,8,0,seated row,4,10,0
70,Male,Maintain Fitness,Normal,push,1,pushups,4,11,0,bench press (machine),4,10,0,shoulder press (machine),3,11,0
59,Female,Maintain Fitness,Normal,legs,1,bodyweight squats,3,11,0,step-ups,3,12,0,leg press,3,11,0
29,Female,Maintain Fitness,Normal,pull,3,chin-ups,3,10,0,barbell rows,3,10,0,pullups (assisted),4,12,0
28,Male,Weight Loss,Normal,push,5,overhead press,4,13,0,incline bench press,4,13,0,weighted dips,4,14,0
54,Male,Muscle Gain,Overweight,push,1,pushups,4,6,0,bench press (machine),4,9,0,shoulder press (machine),4,11,0
41,Male,Maintain Fitness,Normal,cardio,3,jogging,0,0,36,none,0,0,0,none,0,0,0
57,Male,Maintain Fitness,Normal,legs,1,step-ups,4,10,0,leg press,4,8,0,bodyweight squats,4,9,0
58,Female,Muscle Gain,Normal,cardio,1,elliptical,0,0,16,none,0,0,0,none,0,0,0
27,Female,Weight Loss,Normal,push,5,weighted dips,3,15,0,overhead press,4,15,0,incline bench press,3,13,0
22,Male,Muscle Gain,Obese,cardio,1,elliptical,0,0,25,none,0,0,0,none,0,0,0
61,Female,Weight Loss,Normal,pull,1,seated row,3,13,0,face pulls,4,12,0,lat pulldown,3,13,0
20,Male,Maintain Fitness,Obese,cardio,1,walking,0,0,22,none,0,0,0,none,0,0,0
43,Male,Weight Loss,Overweight,legs,1,bodyweight squats,4,14,0,leg press,3,12,0,step-ups,3,13,0
18,Female,Weight Loss,Overweight,legs,1,step-ups,4,14,0,bodyweight squats,3,15,0,leg press,3,15,0
37,Male,Weight Loss,Overweight,pull,1,face pulls,4,14,0,lat pulldown,4,12,0,seated row,4,12,0
60,Female,Weight Loss,Underweight,push,1,shoulder press (machine),3,12,0,pushups,4,14,0,bench press (machine),4,14,0
30,Female,Maintain Fitness,Normal,push,5,overhead press,4,8,0,weighted dips,4,12,0,incline bench press,4,9,0
68,Male,Muscle Gain,Underweight,pull,1,face pulls,5,6,0,seated row,4,12,0,lat pulldown,5,9,0
43,Female,Maintain Fitness,Underweight,pull,5,deadlifts,4,9,0,weighted pullups,3,12,0,muscle-ups,4,11,0
24,Male,Weight Loss,Underweight,pull,5,weighted pullups,3,12,0,deadlifts,4,12,0,muscle-ups,3,15,0
38,Female,Muscle Gain,Overweight,pull,1,lat pulldown,4,8,0,face pulls,4,9,0,seated row,4,6,0
34,Male,Maintain Fitness,Underweight,push,3,bench press (barbell),3,10,0,dumbbell press,3,9,0,dips,3,12,0
49,Male,Weight Loss,Overweight,pull,1,seated row,3,14,0,lat pulldown,3,13,0,face pulls,4,15,0
61,Female,Maintain Fitness,Normal,legs,1,step-ups,3,11,0,leg press,4,8,0,bodyweight squats,4,11,0
50,Male,Muscle Gain,Obese,push,1,shoulder press (machine),4,9,0,bench press (machine),5,7,0,pushups,5,9,0
51,Female,Weight Loss,Underweight,legs,1,bodyweight squats,4,12,0,leg press,4,12,0,step-ups,4,13,0
22,Male,Muscle Gain,Normal,legs,5,bulgarian split squats,5,11,0,front squats,5,11,0,deadlifts,5,6,0
49,Male,Weight Loss,Overweight,push,1,pushups,3,15,0,bench press (machine),4,13,0,shoulder press (machine),4,13,0
22,Male,Maintain Fitness,Normal,legs,5,front squats,4,10,0,bulgarian split squats,3,12,0,deadlifts,3,9,0
31,Male,Maintain Fitness,Overweight,pull,1,face pulls,4,9,0,lat pulldown,4,9,0,seated row,4,12,0
45,Female,Maintain Fitness,Underweight,push,3,bench press (barbell),4,11,0,dips,3,11,0,dumbbell press,4,10,0
52,Male,Weight Loss,Normal,legs,1,step-ups,3,14,0,bodyweight squats,4,12,0,leg press,3,13,0
40,Female,Weight Loss,Overweight,push,1,shoulder press (machine),3,15,0,bench press (machine),4,13,0,pushups,4,15,0
67,Female,Maintain Fitness,Underweight,legs,1,bodyweight squats,4,11,0,step-ups,3,9,0,leg press,4,10,0
41,Female,Muscle Gain,Normal,pull,1,face pulls,4,6,0,lat pulldown,4,12,0,seated row,4,7,0
50,Female,Maintain Fitness,Normal,legs,3,leg curls,4,12,0,barbell squats,4,8,0,lunges,4,10,0
70,Female,Weight Loss,Underweight,pull,1,face pulls,4,13,0,seated row,3,15,0,lat pulldown,4,15,0
42,Female,Maintain Fitness,Normal,pull,1,seated row,3,8,0,lat pulldown,4,10,0,face pulls,4,10,0
22,Female,Weight Loss,Underweight,legs,1,step-ups,3,15,0,leg press,4,13,0,bodyweight squats,3,15,0
61,Female,Maintain Fitness,Obese,cardio,1,walking,0,0,23,none,0,0,0,none,0,0,0
26,Male,Weight Loss,Normal,pull,1,seated row,4,14,0,face pulls,3,12,0,lat pulldown,3,13,0
44,Male,Maintain Fitness,Overweight,cardio,1,elliptical,0,0,26,none,0,0,0,none,0,0,0
32,Male,Maintain Fitness,Normal,cardio,3,swimming,0,0,20,none,0,0,0,none,0,0,0
21,Male,Muscle Gain,Overweight,legs,1,step-ups,5,9,0,bodyweight squats,5,10,0,leg press,5,12,0
51,Male,Muscle Gain,Normal,pull,1,seated row,5,11,0,face pulls,4,12,0,lat pulldown,4,10,0
25,Male,Muscle Gain,Overweight,cardio,1,light cycling,0,0,17,none,0,0,0,none,0,0,0
54,Female,Weight Loss,Overweight,legs,1,step-ups,4,12,0,leg press,4,15,0,bodyweight squats,3,15,0
35,Female,Muscle Gain,Obese,legs,1,bodyweight squats,5,9,0,leg press,5,10,0,step-ups,4,10,0
54,Female,Muscle Gain,Normal,cardio,1,walking,0,0,29,none,0,0,0,none,0,0,0
22,Female,Maintain Fitness,Obese,legs,1,step-ups,3,9,0,bodyweight squats,4,10,0,leg press,4,12,0
49,Female,Weight Loss,Obese,pull,1,lat pulldown,4,14,0,seated row,4,14,0,face pulls,4,14,0
43,Male,Maintain Fitness,Obese,push,1,pushups,4,10,0,bench press (machine),4,12,0,shoulder press (machine),3,12,0
58,Male,Muscle Gain,Normal,push,1,shoulder press (machine),5,7,0,pushups,4,11,0,bench press (machine),5,6,0
55,Female,Maintain Fitness,Obese,push,1,shoulder press (machine),4,9,0,bench press (machine),4,8,0,pushups,3,8,0
53,Male,Weight Loss,Underweight,pull,1,lat pulldown,3,12,0,face pulls,3,15,0,seated row,4,12,0
23,Male,Maintain Fitness,Obese,pull,1,seated row,4,11,0,face pulls,4,9,0,lat pulldown,4,9,0
24,Male,Weight Loss,Overweight,push,1,bench press (machine),3,13,0,pushups,4,15,0,shoulder press (machine),4,14,0
66,Male,Weight Loss,Normal,legs,1,leg press,3,14,0,step-ups,3,15,0,bodyweight squats,4,15,0
50,Male,Weight Loss,Obese,cardio,1,walking,0,0,44,none,0,0,0,none,0,0,0
62,Male,Muscle Gain,Overweight,cardio,1,walking,0,0,41,none,0,0,0,none,0,0,0
52,Female,Maintain Fitness,Overweight,legs,1,bodyweight squats,3,11,0,leg press,3,8,0,step-ups,3,12,0
47,Female,Weight Loss,Normal,legs,3,barbell squats,4,12,0,lunges,4,12,0,leg curls,4,12,0
63,Female,Maintain Fitness,Obese,pull,1,lat pulldown,4,12,0,seated row,3,12,0,face pulls,3,9,0
34,Male,Weight Loss,Normal,pull,5,deadlifts,4,13,0,weighted pullups,4,15,0,muscle-ups,3,12,0
68,Female,Muscle Gain,Normal,cardio,1,elliptical,0,0,22,none,0,0,0,none,0,0,0
45,Male,Weight Loss,Overweight,pull,1,lat pulldown,3,14,0,face pulls,4,12,0,seated row,4,15,0
40,Male,Maintain Fitness,Underweight,push,1,pushups,4,11,0,bench press (machine),3,12,0,shoulder press (machine),3,10,0
63,Male,Maintain Fitness,Normal,cardio,1,elliptical,0,0,15,none,0,0,0,none,0,0,0
39,Female,Weight Loss,Underweight,push,5,overhead press,3,13,0,weighted dips,3,13,0,incline bench press,4,13,0
35,Male,Weight Loss,Obese,pull,1,lat pulldown,4,14,0,seated row,4,13,0,face pulls,4,13,0
63,Male,Muscle Gain,Underweight,pull,1,face pulls,5,8,0,lat pulldown,5,7,0,seated row,5,10,0
35,Female,Weight Loss,Overweight,push,1,bench press (machine),4,15,0,shoulder press (machine),3,13,0,pushups,4,14,0
46,Male,Muscle Gain,Normal,push,1,pushups,5,10,0,shoulder press (machine),5,8,0,bench press (machine),5,9,0
45,Female,Weight Loss,Overweight,push,1,bench press (machine),3,13,0,pushups,3,12,0,shoulder press (machine),3,12,0
65,Male,Muscle Gain,Overweight,pull,1,seated row,5,8,0,face pulls,4,7,0,lat pulldown,4,7,0
37,Female,Maintain Fitness,Normal,cardio,1,light cycling,0,0,16,none,0,0,0,none,0,0,0
51,Female,Maintain Fitness,Normal,cardio,1,walking,0,0,23,none,0,0,0,none,0,0,0
22,Female,Muscle Gain,Overweight,cardio,1,elliptical,0,0,17,none,0,0,0,none,0,0,0
61,Male,Muscle Gain,Normal,pull,1,seated row,5,10,0,face pulls,5,8,0,lat pulldown,4,6,0
29,Male,Maintain Fitness,Overweight,push,1,pushups,3,10,0,shoulder press (machine),4,10,0,bench press (machine),4,10,0
30,Female,Weight Loss,Underweight,pull,1,face pulls,3,15,0,lat pulldown,3,14,0,seated row,4,13,0
30,Male,Maintain Fitness,Normal,push,5,incline bench press,3,9,0,overhead press,4,11,0,weighted dips,3,11,0
58,Male,Muscle Gain,Overweight,cardio,1,light cycling,0,0,35,none,0,0,0,none,0,0,0
68,Male,Weight Loss,Overweight,legs,1,leg press,4,15,0,bodyweight squats,4,13,0,step-ups,3,15,0
62,Female,Muscle Gain,Overweight,legs,1,step-ups,5,11,0,leg press,5,10,0,bodyweight squats,4,7,0
45,Female,Weight Loss,Normal,legs,1,leg press,3,12,0,bodyweight squats,3,12,0,step-ups,3,13,0
43,Male,Maintain Fitness,Overweight,legs,1,step-ups,3,9,0,bodyweight squats,3,8,0,leg press,4,12,0
26,Female,Weight Loss,Normal,legs,3,leg curls,3,12,0,barbell squats,4,14,0,lunges,4,13,0
63,Male,Maintain Fitness,Obese,pull,1,lat pulldown,3,11,0,face pulls,3,10,0,seated row,4,9,0
45,Male,Muscle Gain,Obese,cardio,1,light cycling,0,0,21,none,0,0,0,none,0,0,0
56,Female,Muscle Gain,Underweight,push,1,pushups,4,7,0,bench press (machine),5,12,0,shoulder press (machine),5,11,0
62,Female,Weight Loss,Normal,cardio,1,light cycling,0,0,44,none,0,0,0,none,0,0,0
23,Female,Muscle Gain,Underweight,cardio,5,HIIT,0,0,17,none,0,0,0,none,0,0,0
58,Female,Muscle Gain,Normal,push,1,bench press (machine),5,10,0,pushups,4,7,0,shoulder press (machine),5,11,0
32,Female,Weight Loss,Overweight,pull,1,lat pulldown,3,12,0,seated row,3,13,0,face pulls,4,15,0
46,Female,Maintain Fitness,Underweight,push,1,shoulder press (machine),3,12,0,pushups,4,9,0,bench press (machine),3,9,0
38,Female,Maintain Fitness,Normal,legs,3,leg curls,3,8,0,lunges,4,8,0,barbell squats,4,9,0
65,Female,Weight Loss,Overweight,cardio,1,walking,0,0,34,none,0,0,0,none,0,0,0
35,Male,Maintain Fitness,Underweight,legs,3,barbell squats,4,11,0,lunges,3,9,0,leg curls,3,10,0
49,Male,Muscle Gain,Underweight,legs,3,barbell squats,4,11,0,lunges,5,8,0,leg curls,5,9,0
49,Male,Muscle Gain,Normal,cardio,5,HIIT,0,0,31,none,0,0,0,none,0,0,0
42,Male,Muscle Gain,Overweight,push,1,shoulder press (machine),4,8,0,pushups,5,7,0,bench press (machine),5,6,0
39,Female,Maintain Fitness,Underweight,push,3,bench press (barbell),4,10,0,dips,4,10,0,dumbbell press,4,10,0
20,Male,Maintain Fitness,Underweight,pull,3,barbell rows,4,8,0,pullups (assisted),3,9,0,chin-ups,4,9,0
27,Female,Maintain Fitness,Overweight,push,1,shoulder press (machine),3,8,0,pushups,3,9,0,bench press (machine),3,12,0
49,Female,Weight Loss,Normal,legs,3,lunges,3,15,0,leg curls,3,15,0,barbell squats,4,15,0
67,Female,Maintain Fitness,Overweight,pull,1,lat pulldown,3,8,0,seated row,3,11,0,face pulls,3,8,0
44,Male,Maintain Fitness,Normal,pull,1,lat pulldown,4,8,0,face pulls,4,12,0,seated row,4,8,0
51,Male,Weight Loss,Overweight,pull,1,face pulls,3,14,0,lat pulldown,3,13,0,seated row,3,14,0
53,Male,Maintain Fitness,Obese,legs,1,step-ups,3,8,0,leg press,4,10,0,bodyweight squats,3,12,0
27,Male,Maintain Fitness,Underweight,cardio,3,jogging,0,0,29,none,0,0,0,none,0,0,0
